,aqp1_PP2_to_PP3,aqp2_PP3_to_Pozos,aqp3_Pozos_to_Toluquilla,aqp4_Toluquilla_to_PP1,supplied_demand_deficit_PP1,supplied_demand_deficit_PP2,supplied_demand_deficit_PP3,supplied_demand_deficit_Toluquilla,supplied_demand_deficit_Pozos
0,-0.3783512646395297,0.5198018371791193,0.06769428486365547,-0.6622245889145544,0.62522,0.13670000000000004,1.46719,0.045949999999999935,0.2912
1,0.632912223126717,0.2537417742096766,0.11200140880637366,0.7549400297199387,0.31113999999999997,1.00483,0.5872200000000001,1.09475,0.45912
2,0.2746852124056838,0.0038873329394613076,0.09298278951492733,-0.8419490994772296,0.6650499999999999,0.69731,0.66188,0.2162900000000001,0.5840099999999999
3,0.1748987537031872,-0.9346854269508851,-0.13998406888052495,-0.7646368806594066,0.64792,0.61164,0.08403000000000005,0.04152,0.96575
4,0.3648934027525106,-0.4376454021363698,-0.9451525480114829,-0.5301189807398756,0.59594,0.77475,0.29556000000000004,0.90538,0.26122999999999996
5,-0.005059757157978906,0.05159728797650809,0.6563193294256715,0.9346376327658632,0.27132,0.45716,0.88747,0.79179,0.86297
6,-0.015923129124451707,-0.6741359623563228,-0.6209749583611786,-0.18623020259695444,0.51973,0.44782999999999995,0.39498,0.92176,0.56456
7,-0.6349701885129784,-0.794081638306162,-0.8214432350765952,0.2222934658993463,0.42918999999999996,0.0835999999999999,0.73882,1.42777,0.521
8,0.06446137576528277,-0.22637816381807663,-0.7516269401614781,0.5439388402984298,0.35790999999999995,0.51684,0.6480699999999999,1.63701,0.25163
9,0.5280464841614867,-0.8385279594100294,0.0108768519983784,-0.019077209231088244,0.48268,0.91481,0.0930200000000001,0.53565,0.99535
10,0.0261594620966612,0.9221174484095858,0.07604353060749558,-0.4640545787189516,0.5812999999999999,0.48395999999999995,1.4656799999999999,0.11177000000000004,0.07806000000000002
11,-0.6600069341173627,0.20721067532474047,-0.9024041947907742,-0.6818431515981871,0.62957,0.1050899999999999,1.44588,0.7438,0.06451999999999991
12,-0.9512194721967648,-0.2467899118092609,0.1536094361200946,0.32573428057368137,0.40625999999999995,0.35508000000000006,1.33373,0.70355,0.7524299999999999
13,0.34956355365409264,0.6679254232611131,0.41028857942811126,-0.5575492271094609,0.60202,0.76159,1.06776,0.24364000000000008,0.39642
14,-0.2518076233693127,-0.013985417521434229,-0.3050968408282988,0.12298324193722099,0.45120000000000005,0.24533000000000005,1.01228,0.91622,0.37831000000000004
15,-0.1926703969798822,0.5556381908627297,0.18189038294534843,0.1671401430738957,0.44140999999999997,0.29610000000000003,1.36396,0.54828,0.3336
16,0.589828898198212,0.8288669270475437,-0.35406581486884714,0.8550634800335417,0.28895000000000004,0.96785,1.01312,1.5651899999999999,0.10419
17,-0.712087076287218,0.34279644403267384,-0.4709321374486122,-0.8142636716547491,0.65891,0.14979999999999993,1.57517,0.27525999999999995,0.09555999999999998
18,0.6936552004256564,-0.3892805870000653,-0.8085454220864638,0.3770880192733068,0.39488,1.05698,0.10238999999999998,1.5456699999999999,0.30896999999999997
19,-0.6019990691975257,-0.04537786878614436,-0.9235175894068615,0.7070042680852742,0.32177,0.05529000000000006,1.2319,1.91533,0.06071000000000004
20,0.8655309728086795,-0.11273704007407681,-0.4507123705319711,-0.6623629686005414,0.62525,1.20452,0.17449000000000003,0.38468,0.35295
21,0.6394378424063507,0.9868092228165029,0.0600304982626203,-0.9867700572986617,0.69714,1.01043,1.08775,0.30923999999999996,0.034399999999999986
22,0.8386935611970321,-0.6327937864209714,0.27678224100081206,0.0949501733868987,0.45741,1.18149,0.16528999999999994,0.40945,1.0279
23,0.03922822194317077,0.30582973509237066,-0.272609621377083,-0.15454985114263198,0.51271,0.49517999999999995,1.0321,0.65863,0.22285
24,0.23114733603520965,-0.4584317736582322,-0.7454412884765149,0.669700545178306,0.33003000000000005,0.65993,0.37338000000000005,1.73637,0.38051999999999997
25,0.5587845415889814,0.680282753738622,0.765248363792169,0.921571085880279,0.27420999999999995,0.9412,0.93214,0.69042,0.58177
26,0.8154335855230417,-0.03205527032703581,-0.07194130124056142,-0.7771779609538572,0.65069,1.1615199999999999,0.26459,0.025439999999999907,0.51422
27,-0.24106107181035585,-0.9391595792029666,0.008448577969185411,-0.9911413814328494,0.69811,0.25456,0.36751,0.2700199999999999,1.04848
28,-0.4405544922365907,0.3842316624188815,0.44910393470016396,-0.47243773678184553,0.58316,0.08330000000000004,1.41665,0.20517000000000007,0.5709
29,-0.4322835868448782,0.21854052318864614,-0.12167322375146461,-0.2985396747387121,0.54462,0.09040000000000004,1.2968,0.41357999999999995,0.35174000000000005
30,-0.610845184701168,-0.8080890030018164,0.027095995151614538,0.7287862987405631,0.31694,0.06288000000000005,0.71255,1.14357,0.98766
31,-0.1666471494615238,0.213554368248966,0.26742385421550696,-0.43957132701472523,0.57587,0.31843999999999995,1.11037,0.026899999999999924,0.5649500000000001
32,-0.377639927907953,0.7726550249400919,0.5955239678141393,0.80195601108374,0.30072,0.13731000000000004,1.6409,0.7320599999999999,0.43996999999999997
33,-0.46329548409906973,-0.4241430098859633,-0.9477882598772114,0.7929900377457588,0.30271000000000003,0.06377999999999995,0.87541,2.00694,0.25249999999999995
34,-0.9373753622350158,-0.037349170638791396,0.3992251689631099,0.42913925916044304,0.38334999999999997,0.34319999999999995,1.46848,0.5853900000000001,0.772
35,0.8122391531858777,0.13976819751603142,-0.6448855648132668,-0.6636758626988251,0.62554,1.15878,0.38515999999999995,0.5449200000000001,0.11129
36,-0.8180621412529585,-0.2262612044064114,0.43309220621006506,0.4853326376092204,0.37089000000000005,0.24076999999999993,1.25614,0.6039399999999999,0.89253
37,-0.37208596898810886,-0.39847491979696237,0.258708565856548,-0.3329811815181163,0.55225,0.14207999999999998,0.83026,0.06889999999999996,0.89135
38,-0.2720522884615253,0.015245795467862866,0.89781230325616,0.915152122282014,0.27564,0.22796000000000005,1.04636,0.57494,1.01329
39,-0.5889256617378533,0.2518698184173782,0.2827886722156654,-0.6243752393251674,0.61683,0.044070000000000054,1.42768,0.19321999999999995,0.55253
40,0.037165157456120035,-0.6212755195452813,0.9058539081186188,0.4101879213077495,0.38754999999999995,0.49341,0.39483,0.14869,1.36201
41,0.7860271083720298,0.5553852184819115,-0.5928669155685071,-0.20535316986407315,0.52397,1.1362700000000001,0.68955,0.88252,0.0854299999999999
42,-0.5290800956683825,-0.23614999933071457,-0.9861747531857636,-0.8601255285852556,0.66908,0.007310000000000039,1.05024,0.66527,0.13002000000000002
43,-0.79915555520532,-0.39273189705920974,0.7557023973411792,0.2952100995495244,0.41303,0.22453999999999996,1.12843,0.17791999999999997,1.15713
44,-0.25989971684379576,-0.38158341612394553,0.1813490405240441,0.1470576600685407,0.44586000000000003,0.23839,0.76461,0.5320400000000001,0.84036
45,0.3420516176204693,-0.3979947484050139,0.14625050266533113,0.164154351269308,0.44206999999999996,0.75514,0.33860999999999997,0.57541,0.8302499999999999
46,0.5599852439032713,0.2142538254553119,0.01854541920120889,0.36222250567043557,0.39818,0.94223,0.61026,0.84609,0.42991999999999997
47,0.7111989193913417,-0.26220432107805314,0.553009302481831,0.7370866399535005,0.31510000000000005,1.07204,0.17784,0.71348,0.97685
48,0.40263875793967663,0.9265332834113753,0.6430026362285794,-0.22580254888011186,0.5285,0.80715,1.20936,0.1613500000000001,0.38241
49,-0.5237698834813906,0.17773003880451022,-0.44836492754588075,-0.1538069460040461,0.51254,0.011870000000000047,1.33171,0.80528,0.19706999999999997
50,-0.49389243738251287,-0.14437085234271607,0.8966488790583296,0.49617917400461575,0.36849,0.03751000000000004,1.08923,0.22779000000000005,1.0990199999999999
51,-0.030973656911185143,-0.5856416398916509,-0.5844166712678991,0.5746694734964142,0.35109999999999997,0.43491,0.46631999999999996,1.5236100000000001,0.53647
52,0.3897990563632725,-0.08331430709119214,0.27453415433757966,-0.22683899256000006,0.5287299999999999,0.79613,0.5225,0.14395000000000002,0.72941
53,0.07893342048676755,-0.4994901645273575,0.2853353185754697,0.29344652663599713,0.41342,0.5292600000000001,0.44994999999999996,0.5672699999999999,0.96041
54,-0.18302595257818055,0.22043735052841518,0.13417574918966513,0.7761696554776154,0.30644000000000005,0.30438,1.12639,1.09396,0.48912999999999995
55,0.14045961602820278,-0.9800706578548037,-0.7980196215915354,0.8265160250661763,0.29528,0.5820799999999999,0.07648999999999995,1.91035,0.6343
56,0.571430514987856,-0.29886256892668883,0.4692131529557506,0.41954637275769313,0.38547,0.95205,0.24888,0.51927,0.95135
57,0.7656333625968552,0.12844348886710955,-0.4555540381748808,0.7887301011671812,0.30365,1.11877,0.40947,1.5944,0.21985
58,-0.1957839205653975,-0.16829039191673512,0.6990653308262829,0.8997887671669795,0.27903999999999995,0.29342999999999997,0.86738,0.72732,1.00506
59,-0.7567272482876357,-0.8584939697032028,0.9559870128257661,0.8539440388686907,0.2892,0.18812000000000006,0.77833,0.47575,1.51748
60,-0.22829232811813172,-0.44215102957687047,-0.8199990013892882,0.5674645200645123,0.35268999999999995,0.26552,0.70111,1.7133699999999998,0.33138
61,-0.5350502505319583,0.02907742019159245,0.8966488790583296,0.7386216107282274,0.31476000000000004,0.0021799999999999597,1.23708,0.42923,1.00518
62,-0.4910523640371447,-0.8543466936990387,0.14269489156137527,-0.5292592551096517,0.59575,0.03995000000000004,0.59816,0.0022100000000000453,1.07522
63,0.7178343711724697,0.13469956104641523,-0.9470283441711791,0.6240856608372789,0.34014,1.07773,0.44671000000000005,1.8659599999999998,0.04943999999999993
64,0.9781066260349232,0.7055271352362544,0.04118597213484554,0.9286988881874583,0.27263000000000004,1.30117,0.66065,1.29796,0.17637999999999998
65,-0.670123994946807,0.34279644403267384,-0.29922060999475786,-0.7180803795377344,0.6376,0.11376999999999993,1.54626,0.21250999999999998,0.18845999999999996
66,0.9429629550980569,0.3066005969367295,0.06663181695229636,0.9527791253012352,0.2673,1.271,0.41003999999999996,1.29683,0.40597000000000005
67,-0.06146644271629875,-0.6741359623563228,-0.6209749583611786,0.218796121224913,0.42996,0.40873000000000004,0.42635999999999996,1.2583,0.56456
68,0.7111989193913417,0.3413490178300474,0.553009302481831,0.7370866399535005,0.31510000000000005,1.07204,0.59364,0.71348,0.65032
69,-0.6019990691975257,-0.08949668327232521,-0.8570474482624983,0.5057063680362675,0.36638000000000004,0.05529000000000006,1.20151,1.69284,0.12053999999999998
70,0.3634971608834611,-0.45424227960328856,-0.8214432350765952,0.17859557817085703,0.43887,0.77355,0.28508,1.39146,0.33714
71,0.07893342048676755,-0.424135633342148,0.2853353185754697,0.3674165846596562,0.39703,0.5292600000000001,0.50187,0.6287400000000001,0.91964
72,-0.712087076287218,-0.2607568949401582,-0.4709321374486122,-0.7881335861704368,0.6531199999999999,0.14979999999999993,1.15937,0.29696999999999996,0.42208999999999997
73,0.12852298300696985,-0.940449618666685,0.26827743366477685,0.5423613766934803,0.35826,0.5718300000000001,0.11199999999999999,0.78827,1.18975
74,0.48471963002705615,0.2876585726190325,0.8009718818392584,0.8891936494262664,0.28139000000000003,0.87761,0.71268,0.63384,0.81352
75,0.8508510825896733,-0.287809098864686,0.48733015796923107,-0.19704506427624735,0.5221199999999999,1.19192,0.06399999999999995,0.008110000000000062,0.95517
76,-0.37208596898810886,-0.39847491979696237,-0.22050546968328089,-0.5535795713340834,0.60114,0.14207999999999998,0.83026,0.28379,0.63209
77,-0.1957839205653975,-0.16829039191673512,0.47999763465911305,0.8997887671669795,0.27903999999999995,0.29342999999999997,0.86738,0.90934,0.88654
78,0.35679470413033365,-0.972088907642413,-0.5884856195833441,0.6602412243305196,0.33213000000000004,0.76779,0.06705000000000005,1.59809,0.74334
79,0.04315226653804688,-0.4241430098859633,-0.9477882598772114,0.7929900377457588,0.30271000000000003,0.49855000000000005,0.52651,2.00694,0.25249999999999995
80,0.09952313861295142,0.5460263975512589,0.4793317688773824,0.9186812707190497,0.27485000000000004,0.54694,1.15604,0.92559,0.49972000000000005
81,-0.35803775009633254,0.3491149746216291,-0.15347391351784667,-0.6609681127268241,0.62494,0.15414000000000005,1.33561,0.13885999999999998,0.26388999999999996
82,-0.6197887225761056,-0.8625817269748017,0.027095995151614538,0.7338178875580881,0.31582,0.07055999999999996,0.68117,1.14775,1.01714
83,-0.5350502505319583,-0.10700289677692473,0.8868627268238023,0.7386216107282274,0.31476000000000004,0.0021799999999999597,1.14333,0.43735999999999997,1.07351
84,0.29972456490393945,-0.15375684422865343,-0.6772324283548266,0.9882337106172365,0.25944,0.7188,0.53603,1.94436,0.25259
85,-0.7318367100467729,0.02549677562695596,-0.1942215409500957,-0.9383453270123547,0.68641,0.16674999999999995,1.37018,0.05774999999999997,0.41693
86,0.6682176593069316,0.13469956104641523,-0.9842184941993622,0.33298064590459675,0.40466,1.03514,0.48089000000000004,1.65499,0.06956000000000007
87,-0.3961655062190612,-0.4333510135454782,-0.44836492754588075,-0.12422950205306149,0.5059899999999999,0.12141000000000002,0.82282,0.82986,0.5276799999999999
88,-0.470188632695304,0.8867965562009654,0.8966488790583296,0.49617917400461575,0.36849,0.05786000000000002,1.78329,0.22779000000000005,0.54113
89,-0.2518076233693127,-0.018730219220096656,-0.3834071128305665,0.12298324193722099,0.45120000000000005,0.24533000000000005,1.00901,0.98129,0.3385
90,0.18488326312323466,-0.4584317736582322,-0.9291539804937075,0.669700545178306,0.33003000000000005,0.62022,0.40525,1.8890099999999999,0.28113
91,-0.4419863747249506,-0.2292252057981059,-0.7516269401614781,0.4895476093765969,0.36995999999999996,0.08206999999999998,0.99501,1.59182,0.25317
92,0.06446137576528277,-0.36588752542070724,-0.7118979504689442,0.542621106227334,0.35819999999999996,0.51684,0.55196,1.60291,0.3486
93,0.5501053242434166,-0.3300189097254034,0.29261914188135796,-0.1458663004519838,0.51078,0.93374,0.24211000000000005,0.19620000000000004,0.87266
94,0.9251413884226536,0.9807786373699838,0.019682097152453004,0.7859493394041217,0.30427000000000004,1.2557,0.8867700000000001,1.19722,0.01583000000000001
95,-0.6562541856899098,0.520073037749464,0.6455893027731973,-0.04373452014257562,0.48815,0.1018699999999999,1.65883,0.012219999999999898,0.60371
96,0.5558531650587651,-0.2190603125060321,-0.8214432350765952,0.17859557817085703,0.43887,0.93868,0.31459000000000004,1.39146,0.20989999999999998
97,-0.24106107181035585,-0.9409721179871207,0.008448577969185411,0.22984059130268242,0.42752,0.25456,0.36626000000000003,0.74449,1.04946
98,-0.8599752974455177,0.7024932619656572,-0.05767999248486683,0.8082106565928808,0.29934000000000005,0.27675000000000005,1.92485,1.28,0.12453000000000003
99,0.25449905358642333,0.9038220119604832,-0.30526850404964834,-0.700162845060134,0.63363,0.67998,1.29577,0.23241999999999996,0.11833999999999989
100,0.3930112466549016,-0.1672371163822206,-0.961336000304538,-0.9742305223901873,0.6943699999999999,0.79889,0.46247000000000005,0.54982,0.10618000000000005
101,0.47562295635883234,-0.7777951290450902,0.5682941101197618,0.41312520868356617,0.3869,0.8698,0.015060000000000073,0.43161000000000005,1.26407
102,-0.2923957566683879,0.2582816812993842,-0.15347391351784667,-0.695200713113833,0.63253,0.21048999999999995,1.22781,0.11041999999999996,0.31303000000000003
103,-0.7030604510715384,-0.8429639925432513,0.7821513441955907,0.0014073157800211789,0.47814,0.14205,0.75206,0.08817999999999993,1.41503
104,0.3577493200681052,-0.4545318028841704,0.29261914188135796,-0.3745376681705044,0.5614600000000001,0.76861,0.28884,0.006199999999999983,0.94003
105,-0.056308680783223264,0.271079103204534,0.01386230724307791,0.36222250567043557,0.39818,0.41315999999999997,1.07398,0.84999,0.39664
106,0.1412239003391516,0.5460263975512589,0.4793317688773824,0.9344011638488372,0.27137,0.58274,1.12731,0.93865,0.49972000000000005
107,0.052370209363168,0.467917112509006,0.4793317688773824,0.9412694793662232,0.26985000000000003,0.50646,1.13472,0.94436,0.54198
108,0.6331124642833774,-0.5979936280894536,0.014888025099089652,-0.31692790738926374,0.54869,1.005,0.00031000000000003247,0.28483,0.86739
109,0.9811279069408042,0.34936194781230057,0.06492700447066002,0.9329230150519895,0.27170000000000005,1.30376,0.4132,1.28175,0.38192000000000004
110,-0.8434476211302517,-0.923863561800361,0.9958160774728235,0.8539440388686907,0.2892,0.2625599999999999,0.79304,0.44265,1.57439
111,0.9781066260349232,0.7055271352362544,0.04118597213484554,0.6873291171425853,0.32613000000000003,1.30117,0.66065,1.09741,0.17637999999999998
112,-0.762484839431895,0.9527180612618138,0.8065526444519888,0.3940187602835159,0.39113,0.19306,2.0300700000000003,0.21775999999999995,0.45672
113,0.6240603940208835,0.13469956104641523,-0.9835006281731881,0.2966468920368466,0.41271,0.99723,0.5113099999999999,1.6242,0.06916999999999995
114,-0.804517208431111,-0.3580144186700277,0.8488564553777003,0.6013541025736744,0.34518000000000004,0.2291399999999999,1.15604,0.35489000000000004,1.18875
115,0.3141796039280358,-0.9600095044494616,-0.06480250466710774,0.6602412243305196,0.33213000000000004,0.73121,0.029369999999999896,1.16297,1.02013
116,-0.3764147531302391,-0.6212755195452813,0.9058539081186188,0.4101879213077495,0.38754999999999995,0.13836000000000004,0.6797500000000001,0.14869,1.36201
117,-0.20433971039719445,-0.9409721179871207,0.008448577969185411,-0.095237238788771,0.49956,0.28608,0.34096000000000004,0.47438,1.04946
118,0.4253283640996832,-0.9409814637495701,0.3193221664658653,0.5812789899902165,0.34963,0.82663,0.09284000000000003,0.7781899999999999,1.21766
119,-0.5290800956683825,-0.27853416865382263,-0.9861747531857636,-0.8601255285852556,0.66908,0.007310000000000039,1.02104,0.66527,0.15295000000000003
120,-0.5889256617378533,-0.012291153363403973,0.2827886722156654,-0.6243752393251674,0.61683,0.044070000000000054,1.24569,0.19321999999999995,0.69545
121,0.4349248575267186,0.31685181178878274,0.6594315422569804,0.669700545178306,0.33003000000000005,0.83487,0.7671,0.56907,0.72115
122,0.19005899885080102,0.9038220119604832,-0.30526850404964834,-0.700162845060134,0.63363,0.62466,1.34016,0.23241999999999996,0.11833999999999989
123,-0.7108559581940508,-0.39847491979696237,-0.49045434573492214,-0.5535795713340834,0.60114,0.1487400000000001,1.06364,0.5080899999999999,0.48604
124,-0.4763333082358703,0.5939004157497718,0.58291846624535,0.6479462004471084,0.33486000000000005,0.052590000000000026,1.58574,0.6145700000000001,0.52986
125,0.30188190619277633,-0.15719000430410676,-0.6772324283548266,-0.31944673945719204,0.54925,0.72065,0.53218,0.85782,0.25444999999999995
126,-0.4529561928152135,0.48192762747662676,0.45045797910994745,-0.1863453164899031,0.5197499999999999,0.07265999999999995,1.4925,0.031420000000000003,0.51878
127,0.005036729956775954,-0.5113451652036758,0.6685434569018818,0.3039520342313009,0.41108999999999996,0.46582,0.49268999999999996,0.25760000000000005,1.17415
128,0.8343017476158785,-0.5564026485165019,-0.4384579825087209,0.6122424351525213,0.34277,1.1777199999999999,0.10963999999999996,1.43356,0.59961
129,0.8454881564894181,-0.37321780687493056,0.5818876813476133,-0.31153726785945224,0.5475,1.18732,0.008850000000000025,0.18181000000000003,1.05254
130,0.11108949655357869,-0.5856416398916509,-0.3505429089337526,0.5746694734964142,0.35109999999999997,0.55687,0.36845000000000006,1.32929,0.663
131,-0.22488623175176414,-0.38158341612394553,0.985263624357084,0.413576066292343,0.38680000000000003,0.26844999999999997,0.74049,0.08552000000000004,1.2753
132,0.7744830436165011,0.9807786373699838,0.019682097152453004,0.7859493394041217,0.30427000000000004,1.12636,0.99056,1.19722,0.01583000000000001
133,0.2785536692209556,0.17693943704518283,-0.5738449092268951,0.2702554617298844,0.41856000000000004,0.70063,0.77843,1.26189,0.12961
134,0.7248680348535288,0.13469956104641523,-0.9470283441711791,0.5735956548556962,0.35133000000000003,1.08377,0.44186000000000003,1.82401,0.04943999999999993
135,-0.2518076233693127,0.24543075256068517,-0.5000628043512052,-0.0536086159248077,0.49034,0.24533000000000005,1.19099,0.93149,0.13246999999999998
136,-0.7066884904201645,-0.5187281290927583,0.7821513441955907,0.0014073157800211789,0.47814,0.14515999999999996,0.97793,0.08817999999999993,1.2396099999999999
137,0.25449905358642333,0.7135299349176909,-0.47211320832917236,-0.8618799122418307,0.66947,0.67998,1.16467,0.23668,0.10566000000000009
138,0.15390355213507378,-0.1672371163822206,-0.961336000304538,-0.9659616375789053,0.69253,0.59362,0.6272,0.55669,0.10618000000000005
139,0.402120221807887,-0.40433158267597086,0.3036194885982151,-0.21079462920375036,0.52517,0.80671,0.29286,0.13310999999999995,0.91882
140,0.9811279069408042,0.34936194781230057,0.3937457242112772,0.9329230150519895,0.27170000000000005,1.30376,0.4132,1.00853,0.55982
141,-0.35171384326099076,0.5501339971626075,0.45045797910994745,-0.1863453164899031,0.5197499999999999,0.15957,1.46974,0.031420000000000003,0.48188
142,-0.627681379862858,0.5597925828651285,0.6595968793407976,0.44732101608391706,0.37932,0.07733999999999996,1.6665100000000002,0.38415999999999995,0.5898
143,0.46943804557226027,0.2876585726190325,0.7468615373142684,0.8891936494262664,0.28139000000000003,0.86449,0.72321,0.6788000000000001,0.78424
144,0.07893342048676755,0.5522827468342607,0.2853353185754697,0.19801171867535472,0.43457,0.5292600000000001,1.17454,0.48797999999999997,0.39137999999999995
145,-0.055097958157801996,-0.4584317736582322,-0.7454412884765149,0.7807058418474082,0.30543,0.4142,0.57057,1.8286,0.38051999999999997
146,0.8374149442033778,0.5522940495650253,-0.4384579825087209,0.6122424351525213,0.34277,1.18039,0.65201,1.43356,0.000220000000000109
147,0.11590485598192174,-0.06738783858175496,0.2827886722156654,-0.5981539968263743,0.61102,0.5609999999999999,0.72216,0.17142999999999997,0.72526
148,-0.755690671122072,-0.8584939697032028,-0.958143589097705,0.833245529068305,0.29379,0.18723,0.77762,2.04899,0.48189000000000004
149,0.25449905358642333,-0.750081011250123,-0.47211320832917236,-0.8787194580798922,0.6732,0.67998,0.15637,0.22269000000000005,0.6861900000000001
150,0.4009423350696478,-0.5091033266556062,-0.8214432350765952,-0.3586768546685311,0.55795,0.80569,0.22148999999999996,0.94505,0.36682000000000003
151,0.594661657960156,-0.2193498357869177,0.29261914188135796,-0.26644384026380474,0.5375,0.97199,0.28764999999999996,0.09601000000000004,0.81279
152,-0.4147370658930054,0.5501339971626075,0.4640020853173559,-0.09646338224494627,0.49983,0.10546999999999995,1.51315,0.09484999999999999,0.48919999999999997
153,-0.30321145125421683,0.5553852184819115,-0.5928669155685071,-0.20535316986407315,0.52397,0.20121,1.43994,0.88252,0.0854299999999999
154,0.6152955239478535,0.6378273639759289,-0.27607912681544267,0.146775151506851,0.44593000000000005,0.98971,0.8639600000000001,0.91188,0.04135999999999995
155,0.5377034837100416,-0.3300189097254034,-0.3736809813409191,-0.1458663004519838,0.51078,0.9231,0.25065000000000004,0.74983,0.5121800000000001
156,0.06446137576528277,-0.4150243011203383,-0.6426777988131673,0.4615615737999591,0.37616000000000005,0.51684,0.5181100000000001,1.47804,0.41264
157,0.18886611825820743,-0.5002824603004065,-0.8449696379845097,-0.5082755447922017,0.5911,0.62364,0.37366999999999995,0.84029,0.34931999999999996
158,-0.8599752974455177,0.6538090625193156,-0.05767999248486683,0.8445009513953041,0.29129000000000005,0.27675000000000005,1.89131,1.31015,0.15086999999999995
159,0.6907003792693716,-0.7777951290450902,0.6200489484532621,0.41312520868356617,0.3869,1.05444,0.16323,0.38859999999999995,1.29207
160,0.45327591069244144,-0.462489376022733,0.8606484545831661,0.1828913918154349,0.43792,0.8506199999999999,0.21755000000000002,0.002610000000000001,1.25165
161,0.7447314602320452,0.24543075256068517,-0.49403795203624545,0.12298324193722099,0.45120000000000005,1.10082,0.50446,1.07321,0.13573000000000002
162,0.14543926245975697,-0.5032987762860957,-0.055725182776743265,0.6602412243305196,0.33213000000000004,0.5863499999999999,0.40151000000000003,1.15543,0.77795
163,0.25686282419991724,0.5501339971626075,0.45045797910994745,-0.1863453164899031,0.5197499999999999,0.68201,1.05048,0.031420000000000003,0.48188
164,0.19403869227836118,-0.4584317736582322,-0.44122592884629735,0.6463515816836038,0.33521,0.62808,0.39893999999999996,1.4642,0.54511
165,-0.6969629661206775,0.02549677562695596,-0.09466462843070034,-0.9383453270123547,0.68641,0.1368100000000001,1.34615,0.1404700000000001,0.47079000000000004
166,0.3897990563632725,-0.5593737848094212,0.18250866712302893,-0.21968492503116538,0.5271399999999999,0.79613,0.19454000000000005,0.22636,0.93718
167,-0.0013723819388434463,0.5055587351345527,0.27035482672738853,0.19801171867535472,0.43457,0.46031999999999995,1.19767,0.5004299999999999,0.40854999999999997
168,0.8064150732101869,-0.5564026485165019,-0.9262545930937341,0.6122424351525213,0.34277,1.15378,0.09043000000000001,1.83886,0.33570999999999995
169,-0.5350502505319583,-0.5244677945903861,0.8868627268238023,0.7386216107282274,0.31476000000000004,0.0021799999999999597,0.85573,0.43735999999999997,1.29936
170,-0.6958052664766129,-0.32983003962337143,0.912337815213113,0.23982791874645049,0.4253,0.13582000000000005,1.10056,0.0017500000000000293,1.20784
171,0.35274515202297996,-0.1720540937869759,0.8108947590428978,0.9992091034050927,0.25700999999999996,0.76432,0.4869,0.7170000000000001,1.0676
172,0.9898478895627303,0.7055271352362544,-0.009387754630107992,0.9286988881874583,0.27263000000000004,1.31125,0.65256,1.33999,0.14902000000000004
173,0.6927282706413278,-0.8980252601968017,0.17942253736747063,-0.0029632438951498474,0.47911000000000004,1.05618,0.24746,0.40898999999999996,1.11873
174,0.42634743279633547,-0.9409814637495701,-0.8051759300530454,0.3873915501171018,0.39259999999999995,0.8275,0.09353999999999996,1.5514299999999999,0.60928
175,0.1998652271070901,-0.3716520784430778,-0.9109530752756574,0.669700545178306,0.33003000000000005,0.63308,0.45470999999999995,1.8738899999999998,0.24402999999999997
176,0.16297833555869656,-0.14501218422336049,-0.9161092640543198,0.9501120577996873,0.26788999999999996,0.60141,0.63626,2.11117,0.11861999999999995
177,-0.7268252814125201,0.24543075256068517,-0.45365396201971,0.0663522414441784,0.46375,0.16244999999999998,1.51824,0.99261,0.15758000000000005
178,-0.8567472560414668,0.7118668645656654,0.15279184060195145,0.5812659643205214,0.34963,0.2739799999999999,1.92908,0.91655,0.23333000000000004
179,-0.35407761376715097,0.8126871901887744,-0.21765066237890163,0.9334358078116654,0.27158000000000004,0.15754,1.65224,1.5169700000000002,0.021630000000000038
180,-0.6127873868336444,-0.13596063313132412,-0.16830900727702963,-0.9383453270123547,0.68641,0.06455000000000011,1.17693,0.07928000000000002,0.5183
181,-0.04380812983806326,0.6547281577024622,-0.6043562397115538,-0.6763961045595658,0.62836,0.42389,1.3296700000000001,0.50068,0.1453899999999999
182,-0.06952524255287984,0.30582973509237066,-0.10286399476098484,0.1377643916134434,0.44792,0.40181999999999995,1.10703,0.76047,0.31469
183,0.1998652271070901,-0.3716520784430778,-0.746028474040782,0.6572408138095516,0.3328,0.63308,0.45470999999999995,1.7265000000000001,0.33326
184,0.1137575645699713,0.27115910596026616,0.7453934597333429,0.8747141807803577,0.28459999999999996,0.55916,0.95687,0.66799,0.79237
185,-0.3996746355019044,0.7203360177761939,-0.3710303393707819,-0.7321616953017331,0.64072,0.11839999999999995,1.6200299999999999,0.26047,0.05465000000000009
186,-0.201166844126346,0.7135299349176909,-0.7042051535856367,-0.964013104857638,0.6920999999999999,0.28881,1.47859,0.34465999999999997,0.23121999999999998
187,-0.5805845286720832,0.7131917596786631,-0.29922060999475786,-0.7180803795377344,0.6376,0.03691,1.7397399999999998,0.21250999999999998,0.011929999999999996
188,-0.2806728772846888,-0.7783992192033182,-0.9880449070660713,0.833245529068305,0.29379,0.22055000000000002,0.5055499999999999,2.07383,0.42238
189,0.6383508784891374,0.8878749878728566,0.014888025099089652,0.5542751534801171,0.35561,1.0095,1.02034,1.00871,0.0635
190,-0.13821836262701437,0.9221174484095858,0.280969412533305,-0.021940763826679255,0.48331999999999997,0.34285,1.57892,0.30884999999999996,0.18893000000000004
191,-0.7927753908160796,0.9901477448470809,0.8065526444519888,0.575609398851316,0.35089000000000004,0.21906000000000003,2.07672,0.36865000000000003,0.43647
192,0.48893608396537225,0.25426196045292726,0.023667483270343875,0.12298324193722099,0.45120000000000005,0.88123,0.68677,0.64306,0.41105
193,-0.7324100686428809,0.676908725603219,-0.29922060999475786,-0.8457713328480603,0.6658999999999999,0.16724000000000006,1.81934,0.10641,0.00770000000000004
194,0.661926782327037,-0.5979936280894536,0.0006128617894225474,-0.41155486580744155,0.56966,1.02974,0.01953999999999989,0.21806999999999999,0.85966
195,-0.5218732285769988,0.6347504723894766,0.9315418016076386,0.42528456159507944,0.3842,0.013490000000000002,1.64526,0.13988999999999996,0.6963699999999999
196,0.5377034837100416,-0.28892164193954817,-0.9417170923315892,-0.1458663004519838,0.51078,0.9231,0.27896,1.2218,0.18262999999999996
197,0.2744244698664551,-0.9206813337766099,0.0611212222968866,0.6292986819765674,0.33899,0.6970799999999999,0.025109999999999966,1.03263,1.06698
198,0.9429314669806597,-0.5529796849880397,-0.26440624736664775,0.6122424351525213,0.34277,1.27097,0.18212000000000006,1.28894,0.6919299999999999
199,0.03858881507889311,-0.3781237410536644,0.9340395216583892,0.06405348508460496,0.46426,0.49463,0.5613600000000001,0.16233000000000009,1.24571
200,-0.44036298248094363,0.8909844801027296,0.6257580936601093,0.49617917400461575,0.36849,0.08347000000000004,1.76563,0.45287,0.39231000000000005
201,0.4600228006590851,-0.7842423334440127,0.014888025099089652,-0.3463753119545426,0.55522,0.85641,0.008760000000000101,0.26036000000000004,0.96815
202,-0.35803775009633254,-0.16979775818186466,-0.15347391351784667,-0.6089775272116951,0.6134200000000001,0.15414000000000005,0.97812,0.18206,0.54463
203,-0.7268252814125201,0.21090539218716067,-0.46814372472793586,-0.2487538088359662,0.5335799999999999,0.16244999999999998,1.4944600000000001,0.74283,0.16842000000000001
204,-0.6240194181966616,-0.4894699225995205,0.826303036305579,0.2780264227588364,0.41684,0.07418999999999998,0.94113,0.10497999999999996,1.24767
205,0.0261594620966612,0.9221174484095858,0.009755673006721262,-0.4640545787189516,0.5812999999999999,0.48395999999999995,1.4656799999999999,0.16685000000000005,0.042200000000000015
206,0.1999482032867354,-0.10700289677692473,0.8868627268238023,0.8307069962532844,0.29435,0.63315,0.63697,0.51388,1.07351
207,0.5501053242434166,-0.2193498357869177,0.2989416211728021,-0.26644384026380474,0.5375,0.93374,0.31835,0.09075999999999995,0.81621
208,-0.20433971039719445,-0.8689350828733688,0.008448577969185411,0.48794488836499766,0.37032,0.28608,0.39059,0.95895,1.0104899999999999
209,0.060886054839938586,0.9164316347528567,0.09053329385150571,-0.4640545787189516,0.5812999999999999,0.5137700000000001,1.43784,0.09972999999999999,0.08897
210,0.34387172994129767,0.8878749878728566,0.014888025099089652,0.9185078440798753,0.27488999999999997,0.7567,1.22321,1.31135,0.0635
211,0.9146318131238924,0.9807786373699838,-0.011193805498137421,0.7859493394041217,0.30427000000000004,1.24668,0.89401,1.22288,0.0008799999999999919
212,0.2785536692209556,0.17693943704518283,-0.9390515965414898,0.2702554617298844,0.41856000000000004,0.70063,0.77843,1.56534,0.06797000000000009
213,-0.5370916244825691,0.8126871901887744,-0.21765066237890163,0.9366592225207406,0.27087000000000006,0.00043000000000004146,1.77832,1.5196399999999999,0.021630000000000038
214,0.35274515202297996,-0.15375684422865343,-0.7878194249766537,0.9993873310924364,0.25697000000000003,0.76432,0.49950000000000006,2.04551,0.19276000000000004
215,-0.03338516522328333,-0.9346854269508851,0.012715457031760968,-0.7310515723253452,0.64047,0.43284,0.22751999999999994,0.05746000000000007,1.04837
216,0.2744244698664551,-0.2925009327578083,0.0611212222968866,0.6292986819765674,0.33899,0.6970799999999999,0.45787,1.03263,0.72712
217,-0.201166844126346,-0.17278492906357468,-0.6918935214823828,-0.964013104857638,0.6920999999999999,0.28881,0.86799,0.33443,0.25495
218,0.06446137576528277,-0.4150243011203383,0.06215281801139971,0.6035218313135474,0.3447,0.51684,0.5181100000000001,1.01036,0.7939700000000001
219,0.11372684034068561,-0.5032987762860957,-0.6239422161247143,0.6477390645091523,0.3349,0.55913,0.42335999999999996,1.61717,0.47053
220,0.49380776150064787,0.2876585726190325,-0.22047952403233861,0.8891936494262664,0.28139000000000003,0.88542,0.70642,1.4825599999999999,0.26088999999999996
221,0.22103208797201557,-0.36693679335849866,0.20843644695150387,-0.14154667437527513,0.5098199999999999,0.65125,0.44338,0.26974,0.84709
222,-0.5465386213487474,0.6581630956259161,-0.036139177538734135,-0.763759096247044,0.6477200000000001,0.007679999999999909,1.67838,0.04404000000000008,0.16017000000000003
223,-0.7379582354504514,-0.41178913274314866,-0.3505429089337526,0.5746694734964142,0.35109999999999997,0.17201,1.07314,1.32929,0.56894
224,-0.7324100686428809,0.7529358105874909,-0.23580073765363374,-0.8457713328480603,0.6658999999999999,0.16724000000000006,1.87172,0.053710000000000035,0.0008700000000000374
225,-0.8093621074302711,0.18795105770699705,0.7566724633260169,0.8539440388686907,0.2892,0.23330000000000006,1.5354999999999999,0.6413599999999999,0.84349
226,-0.7857336630433669,0.015268372215346382,-0.25418063414425796,0.3403317988153754,0.40303,0.21302,1.40026,1.05451,0.39003
227,0.32551390560412785,-0.36693679335849866,0.3036194885982151,-0.21118859768833928,0.5252600000000001,0.7409399999999999,0.37139999999999995,0.13278,0.89859
228,0.03212362277560388,-0.527073238326053,-0.5559020412817608,0.4317286270406778,0.38277000000000005,0.48907999999999996,0.46319999999999995,1.3811499999999999,0.5202100000000001
229,0.594661657960156,-0.22064706788136323,-0.6055279466671137,-0.26644384026380474,0.5375,0.97199,0.28676,0.84228,0.32757000000000003
230,-0.4319076370547382,0.8126871901887744,-0.2157864864864414,0.9334358078116654,0.27158000000000004,0.09072999999999998,1.70586,1.51542,0.020620000000000083
231,-0.10102993989043985,-0.8432001125738651,-0.004192627542156588,-0.0029632438951498474,0.47911000000000004,0.37477000000000005,0.33714,0.5615600000000001,0.98972
232,-0.35803775009633254,0.716511378260477,-0.15347391351784667,-0.6089775272116951,0.6134200000000001,0.15414000000000005,1.5887099999999998,0.18206,0.06511999999999996
233,0.6719098755429895,-0.9706816355631565,0.6200489484532621,0.41312520868356617,0.3869,1.03831,0.2831699999999999,0.38859999999999995,1.39642
234,0.022418625452412355,-0.36588752542070724,-0.5559020412817608,0.47327629252469194,0.37356999999999996,0.48075,0.58093,1.41567,0.43300000000000005
235,-0.8679538664054499,-0.8351639868573412,-0.46814372472793586,-0.2487538088359662,0.5335799999999999,0.2836000000000001,0.87103,0.74283,0.73437
236,0.6907003792693716,0.826406531045594,0.6200489484532621,0.3695746014780965,0.39654999999999996,1.05444,0.94193,0.35241999999999996,0.42416
237,0.04310590084258986,0.30582973509237066,-0.05597613769305158,0.03367734366397207,0.47099,0.49851,1.02943,0.63503,0.34006000000000003
238,0.5752909855252969,-0.8432001125738651,-0.10183542096443049,-0.0029632438951498474,0.47911000000000004,0.95537,0.1287799999999999,0.64269,0.9369
239,-0.4260805691033491,0.5626095980040163,-0.6237134842310861,-0.4578907990162713,0.5799300000000001,0.09572999999999998,1.52956,0.69832,0.10602
240,0.6106732200507731,0.30582973509237066,-0.102138473863198,0.1377643916134434,0.44792,0.98574,0.63843,0.75987,0.31508
241,-0.5732748985562227,0.6581630956259161,-0.6043562397115538,-0.8618799122418307,0.66947,0.030629999999999935,1.6968,0.34656,0.1472500000000001
242,-0.5351332027623689,-0.3901849770979141,-0.7459272830865411,0.5874528700179775,0.34826,0.0021099999999999453,0.9483,1.6684299999999999,0.34334
243,-0.5685096343120523,-0.6212755195452813,0.8616733211113832,-0.03274767975801163,0.48571,0.026540000000000008,0.81209,0.18263000000000007,1.33811
244,-0.7037038684943782,-0.6668326760832455,0.9083052683239219,0.32437606751701975,0.40657,0.14260000000000006,0.87384,0.07535000000000003,1.38799
245,-0.7379582354504514,-0.41178913274314866,-0.20679159470642938,0.6605779681120821,0.33206,0.17201,1.07314,1.2812299999999999,0.64671
246,-0.5827294740189171,-0.9413435997140788,-0.44836492754588075,-0.2055872051428691,0.5240199999999999,0.03875000000000006,0.60138,0.7622599999999999,0.80252
247,-0.7211641879794984,0.21090539218716067,-0.6057707242463384,-0.2487538088359662,0.5335799999999999,0.1575899999999999,1.4905599999999999,0.85718,0.09396000000000004
248,0.8358870945604681,-0.3126213314653383,0.0718563590750026,-0.4567153002379544,0.57967,1.17908,0.05720999999999998,0.12134999999999996,0.7438100000000001
249,0.17098563925187638,-0.17278492906357468,0.9053764512650209,0.822341816147864,0.29621,0.60829,0.61161,0.49154,1.11911
250,-0.8567472560414668,0.5627872960334548,0.08915908451160143,-0.34361823701298955,0.55461,0.2739799999999999,1.82638,0.20094,0.27956000000000003
251,-0.0013723819388434463,-0.8527310548562737,0.41423117637751483,0.19801171867535472,0.43457,0.46031999999999995,0.26192000000000004,0.38088,1.22126
252,0.20720097199682758,-0.5032987762860957,-0.055725182776743265,0.6602412243305196,0.33213000000000004,0.63937,0.35895999999999995,1.15543,0.77795
253,0.0032685203678526342,-0.9705399436031741,0.053630631006681695,-0.5780206587714067,0.60656,0.46431,0.17757,0.035699999999999954,1.0899
254,0.49380776150064787,-0.289882803922174,-0.22781729486200158,0.9094444705005181,0.27690000000000003,0.88542,0.30854000000000004,1.50548,0.56938
255,-0.8103895344103512,-0.923863561800361,0.9972171045033882,0.7995314611321267,0.30126,0.2341899999999999,0.77026,0.39627999999999997,1.57515
256,-0.6217073239790126,-0.4894699225995205,0.6343623047741684,0.2780264227588364,0.41684,0.07221000000000011,0.93954,0.26446000000000003,1.14382
257,0.6907003792693716,0.8347483485206946,-0.32050636348012235,0.40107833906818025,0.38956999999999997,1.05444,0.94768,1.1601,0.08921000000000001
258,-0.4055920653470888,-0.6350166299882838,-0.021552764144392833,-0.37775500417946895,0.5621700000000001,0.11331999999999998,0.69038,0.26456999999999997,0.8677
259,0.35274515202297996,-0.07193445235052143,-0.7878194249766537,0.9993873310924364,0.25697000000000003,0.76432,0.55587,2.04551,0.14849
260,0.2006226673323111,-0.289882803922174,-0.5744984984033925,0.9096501345162219,0.27686,0.63373,0.51052,1.79371,0.38182000000000005
261,0.22882637975199605,-0.9347073467296731,0.6892626213286259,-0.7896749718463432,0.6534599999999999,0.65794,0.04686000000000001,0.6682999999999999,1.41441
262,0.7447314602320452,0.27578171954535474,-0.41767298259423913,0.03309531473121155,0.47112,1.10082,0.52537,0.93508,0.16063000000000005
263,-0.008521268693282735,0.30238659157389747,-0.41767298259423913,0.08940958626923812,0.45864000000000005,0.45419,1.06263,0.98187,0.14624000000000004
264,0.5003860661647063,-0.5032987762860957,-0.055725182776743265,0.6653653646271481,0.33099,0.89106,0.15698,1.1596899999999999,0.77795
265,-0.5827294740189171,-0.9413435997140788,-0.599041242507734,-0.21250155103291987,0.52555,0.03875000000000006,0.60138,0.88171,0.721
266,0.8538154898219743,0.28861973460211976,-0.8992303762202196,0.8698011346169483,0.28569,1.19447,0.45907,2.03041,0.10684999999999989
267,-0.599471702418023,-0.840946337580799,-0.44836492754588075,-0.2055872051428691,0.5240199999999999,0.053120000000000056,0.68208,0.7622599999999999,0.7482
268,0.49380776150064787,0.22865744874524208,-0.2251751885259427,-0.11277357718207509,0.50345,0.88542,0.66577,0.65393,0.29027000000000003
269,0.08104944775414946,0.9875022833914513,0.2813731164524574,-0.021940763826679255,0.48331999999999997,0.53108,1.47291,0.30850999999999995,0.15376999999999996
270,0.12852298300696985,-0.8714443604756476,-0.02254034328048804,0.5333113348832362,0.36026,0.5718300000000001,0.15954000000000002,1.02239,0.99508
271,-0.6835860482444402,-0.8584939697032028,0.9206455332410364,0.7525165994315494,0.31167999999999996,0.12532999999999994,0.72794,0.42084,1.49836
272,0.4600228006590851,-0.7842423334440127,-0.21676718003516593,-0.3463753119545426,0.55522,0.85641,0.008760000000000101,0.45284,0.84282
273,0.03212362277560388,-0.527073238326053,-0.7083396825758463,0.4466391897913374,0.37947,0.48907999999999996,0.46319999999999995,1.5202,0.43772999999999995
274,0.7651215261690549,0.8292809960013545,-0.08745595922085919,0.3579897494688651,0.39912000000000003,1.11833,0.89264,0.93065,0.03983000000000003
275,-0.8567472560414668,0.7118668645656654,0.15279184060195145,0.4268929732459106,0.38385,0.2739799999999999,1.92908,0.78828,0.23333000000000004
276,0.18522740628404544,-0.5163643411043877,-0.8240389626970444,-0.5987076825090258,0.61114,0.62051,0.3651,0.74776,0.36934
277,0.35274515202297996,-0.1543721443060987,-0.6775196661235826,0.9984129383274729,0.25717999999999996,0.76432,0.49907999999999997,1.95306,0.25277000000000005
278,-0.7927753908160796,0.9798677801537149,0.15117428092001306,0.575609398851316,0.35089000000000004,0.21906000000000003,2.0696399999999997,0.9132,0.08745999999999998
279,0.3068457232066869,-0.12174404956308277,-0.6765846932769576,0.9984129383274729,0.25717999999999996,0.72492,0.55318,1.95228,0.23562000000000005
280,-0.008521268693282735,0.21151678045345612,-0.41767298259423913,0.08940958626923812,0.45864000000000005,0.45419,1.00003,0.98187,0.19540000000000002
281,0.9955829722665184,0.18272769322053245,0.8095317923164407,0.6446896418004326,0.33558,1.31617,0.28845,0.42357,0.87492
282,0.5241520324183099,0.30582973509237066,-0.102138473863198,0.1377643916134434,0.44792,0.91146,0.6980299999999999,0.75987,0.31508
283,0.34387172994129767,0.910612586590989,0.9298273802195414,0.9573854075406245,0.26627999999999996,0.7567,1.23888,0.58343,0.5462
284,0.49380776150064787,0.22865744874524208,-0.13016029746981944,-0.11277357718207509,0.50345,0.88542,0.66577,0.57498,0.34167000000000003
285,-0.1083857317148933,0.25174129849281157,-0.6209749583611786,0.3103992535992095,0.40966,0.36846,1.09654,1.33441,0.06364000000000003
286,-0.7445436907511107,0.030880350704971304,0.08147435584688156,-0.14895358177724094,0.51147,0.17765999999999993,1.3826399999999999,0.36907,0.56318
287,-0.5350502505319583,-0.5244677945903861,-0.252821590723908,0.668288329100976,0.33035000000000003,0.0021799999999999597,0.85573,1.32588,0.68277
288,0.5972163164644129,-0.8432001125738651,-0.5342760698158335,-0.0029632438951498474,0.47911000000000004,0.97419,0.14389000000000007,1.002,0.70294
289,-0.08764470125428042,-0.7054283737273235,0.09017684775241191,-0.8115146352875489,0.6583,0.38626000000000005,0.42284,0.1886699999999999,0.96624
290,-0.48061982977786133,0.6581630956259161,0.10278660570921988,-0.7445372473662046,0.6434599999999999,0.04891000000000001,1.63297,0.14349999999999996,0.23533000000000004
291,0.12852298300696985,-0.940449618666685,-0.3850815579480775,0.9059116511316496,0.27768000000000004,0.5718300000000001,0.11199999999999999,1.63321,0.8362700000000001
292,-0.8234551070793373,0.4821985472795316,-0.11582928184007446,-0.25105512512291256,0.53409,0.24540000000000006,1.74793,0.44818,0.21226
293,0.95792785904101,0.28861973460211976,-0.9333527491038116,-0.14125745835206482,0.50976,1.28384,0.38734,1.21868,0.12531000000000003
294,0.30849316647428693,-0.911664723404886,0.6892626213286259,0.9892437564464994,0.25922,0.7263299999999999,0.007850000000000024,0.80979,1.40194
295,0.061163450513728235,-0.527073238326053,-0.7083396825758463,0.5626853713958303,0.35375,0.5140100000000001,0.44319,1.61662,0.43772999999999995
296,0.04031845740096651,-0.35667313659586464,-0.6261634836966583,-0.003880666388570597,0.47931,0.49611000000000005,0.57494,1.07759,0.39
297,-0.7259692074641764,0.015268372215346382,0.08147435584688156,0.05888883996104877,0.46540000000000004,0.16171000000000002,1.3590900000000001,0.54177,0.57162
298,0.3823317333774193,0.40715027185193897,-0.4587383862129025,0.8790660859294499,0.28363000000000005,0.78972,0.86554,1.67211,0.06733999999999996
299,-0.42779684615484515,0.8909844801027296,0.7386238371001883,0.4509405394434154,0.37851999999999997,0.09424999999999994,1.75697,0.3215,0.45337000000000005
300,0.9146318131238924,0.9807786373699838,0.11950866992755904,0.7859493394041217,0.30427000000000004,1.24668,0.89401,1.11428,0.06984000000000001
301,0.4600228006590851,0.8417519618643183,0.014888025099089652,-0.3683367380912432,0.56009,0.85641,1.11142,0.24212,0.08845000000000003
302,0.998006972846449,0.8843339652758067,0.04118597213484554,0.5342076386849167,0.36006000000000005,1.31825,0.77013,0.97018,0.07964000000000004
303,0.0042031474741093255,0.25917030437149785,0.7378335601624837,-0.49062437641860446,0.58719,0.46511,1.02409,0.46018000000000003,0.79477
304,0.8340531217531103,0.9613961505526213,0.577179941359139,0.6182218658615074,0.34143999999999997,1.1775,0.93617,0.5946400000000001,0.32793000000000005
305,0.8712939071646659,0.28861973460211976,-0.13592186545773588,-0.13149686730026444,0.5076,1.20947,0.44702,0.56421,0.30611999999999995
306,-0.5370916244825691,-0.21872731337207174,-0.21765066237890163,0.9366592225207406,0.27087000000000006,0.00043000000000004146,1.06776,1.5196399999999999,0.5363899999999999
307,0.411497137027826,-0.5979936280894536,0.0006128617894225474,-0.41155486580744155,0.56966,0.81475,0.15298,0.21806999999999999,0.85966
308,0.791239798602785,0.22865744874524208,-0.13016029746981944,-0.11277357718207509,0.50345,1.14075,0.46087,0.57498,0.34167000000000003
309,-0.02100561669839851,-0.3781237410536644,0.9340395216583892,0.05713734343941812,0.46579000000000004,0.44347000000000003,0.60241,0.16808,1.24571
310,-0.8112844601063304,0.2668615693562346,-0.548542109798696,0.003268151006942277,0.47773,0.23495,1.59119,1.01903,0.09465000000000001
311,-0.5303852256201307,0.5626095980040163,-0.4395828496945492,-0.4564601256439851,0.57962,0.006190000000000029,1.60142,0.54651,0.006399999999999961
312,0.5206802792917471,-0.0886215148459426,-0.2830075614251099,0.1377643916134434,0.44792,0.90848,0.42867999999999995,0.91015,0.43064
313,-0.0748772745720252,0.10530208792217571,-0.9285569946953285,0.30875621273393,0.41003,0.39722,0.97257,1.58861,0.023539999999999894
314,-0.04380812983806326,-0.497213192368013,-0.6045721819039747,-0.6763961045595658,0.62836,0.42389,0.53608,0.5008600000000001,0.47772000000000003
315,0.296552450128703,0.9613961505526213,0.7763989676281635,0.6212758403935131,0.34077,0.71608,1.30646,0.43164,0.43572
316,-0.7037038684943782,-0.5403468355918251,-0.011655851819179053,0.32437606751701975,0.40657,0.14260000000000006,0.96098,0.8397399999999999,0.82184
317,-0.011836436411688155,-0.8527310548562737,0.3482028894948835,0.19801171867535472,0.43457,0.45133999999999996,0.26913,0.43574,1.18553
318,0.18161415077279716,0.2822132609328337,-0.7921884390955114,-0.5018417934590125,0.58967,0.61741,0.91774,0.8017799999999999,0.0454699999999999
319,0.07023444157297543,0.25174129849281157,-0.6208555745627333,0.25930383337662866,0.42099,0.52179,0.97348,1.29185,0.06371000000000004
320,0.0962183469292981,-0.9346854269508851,0.7506251781707003,-0.3668394506030961,0.55975,0.5441,0.13822999999999996,0.36796000000000006,1.44759
321,0.019845455385585853,0.22037857552497947,-0.41182093149286186,0.5626853713958303,0.35375,0.47853999999999997,0.98659,1.37025,0.19377
322,0.2610259133972312,0.31904242327835497,-0.9652647912788168,-0.14125745835206482,0.50976,0.6855800000000001,0.88841,1.2452,0.15904000000000007
323,-0.9444459082336437,0.9798677801537149,0.06642722735015796,0.575609398851316,0.35089000000000004,0.34926999999999997,2.17413,0.98361,0.041610000000000036
324,-0.9314118157756055,-0.5099531750484863,0.9998348826019379,0.976356428722306,0.26207,0.33807999999999994,1.13879,0.54103,1.35263
325,-0.16756767671869588,-0.3759247994842577,-0.6377581007271999,-0.964013104857638,0.6920999999999999,0.31765,0.7049000000000001,0.28945,0.39415
326,-0.5370916244825691,-0.21872731337207174,-0.5799447271429075,0.9670303848669193,0.26414000000000004,0.00043000000000004146,1.06776,1.84591,0.34038
327,-0.8112844601063304,0.3862919460901917,-0.548542109798696,0.003268151006942277,0.47773,0.23495,1.67347,1.01903,0.030039999999999956
328,0.8142965106806077,0.10196112067783647,-0.013957072991430175,-0.11277357718207509,0.50345,1.16054,0.3577,0.47843,0.47309
329,0.14827868465980576,-0.9327993466597091,-0.6044527981055294,-0.6952341409333788,0.63253,0.5887899999999999,0.10367000000000004,0.48511000000000004,0.7134499999999999
330,-0.14381607466916158,-0.12174404956308277,-0.6765846932769576,0.9878664369748036,0.25952,0.33804,0.86364,1.94352,0.23562000000000005
331,0.9515480122723494,0.18272769322053245,0.8095317923164407,0.8136363169627816,0.29813,1.27837,0.31877999999999995,0.56395,0.87492
332,-0.017496743529938075,-0.9976643290007952,0.06265697416273086,0.7558564265192957,0.31094,0.44648,0.17318,1.13651,1.10946
333,0.04031845740096651,-0.35667313659586464,-0.2369062179507946,-0.003880666388570597,0.47931,0.49611000000000005,0.57494,0.75415,0.6006
334,0.5641756922805067,0.4184788127865682,-0.4360106310858227,-0.202056176892762,0.52323,0.94582,0.74807,0.75493,0.07350999999999996
335,-0.0013723819388434463,-0.8817283495928925,0.8977047111236268,0.19801171867535472,0.43457,0.46031999999999995,0.24195,0.02083999999999997,1.49852
336,0.4262004067728515,0.4016029261405848,0.08147435584688156,0.07944288736503557,0.46085,0.82738,0.8314900000000001,0.5588500000000001,0.36261
337,-0.6254287209351514,0.6227154574995498,0.9695208076729573,0.7525165994315494,0.31167999999999996,0.07539999999999991,1.70831,0.38022999999999996,0.72343
338,0.8377603308829562,0.9807786373699838,0.05004841137681104,0.7107311585541229,0.32094,1.18068,0.94697,1.10949,0.032259999999999955
339,0.23119116724323419,-0.09360018356362632,-0.8332314667870155,-0.46688694511872453,0.5819300000000001,0.65997,0.62468,0.86493,0.13565000000000005
340,0.8435547562623431,0.9807786373699838,0.08844078118140239,0.7369072175193514,0.31514,1.18566,0.94297,1.09934,0.05303000000000002
341,-0.1701459486220826,0.22043735052841518,-0.009457738927127902,-0.8115146352875489,0.6583,0.31544000000000005,1.11752,0.10589000000000004,0.41142
342,0.08104944775414946,0.9875022833914513,0.45185314869348986,0.43496164985056684,0.38205999999999996,0.53108,1.47291,0.5465,0.24600999999999995
343,0.20077181133786043,-0.4299507246053387,-0.6932855379975629,-0.9668093871831547,0.69272,0.63386,0.41391999999999995,0.33326999999999996,0.39332999999999996
344,0.6331124642833774,-0.5979936280894536,-0.03573047234894272,-0.31692790738926374,0.54869,1.005,0.00031000000000003247,0.32689,0.84
345,-0.18579959346751063,-0.14589648092555071,-0.7737585439722109,-0.9141273507157628,0.6810499999999999,0.30200000000000005,0.87593,0.44389999999999996,0.19611999999999996
346,0.2610259133972312,0.31904242327835497,-0.15098864314584381,-0.06440042383592248,0.49273,0.6855800000000001,0.88841,0.6324799999999999,0.28151000000000004
347,0.296552450128703,0.9005627638389517,0.8163694940946974,0.6212758403935131,0.34077,0.71608,1.26455,0.39842999999999995,0.49024999999999996
348,-0.8059926092174161,-0.021715900780483466,0.18603032481046214,0.3403317988153754,0.40303,0.23041,1.3887399999999999,0.68874,0.6482
349,-0.0748772745720252,-0.09130013773975135,-0.9285569946953285,-0.7434459880409399,0.64322,0.39722,0.83712,0.71434,0.08282999999999996
350,0.9880414465241447,0.7134795074111638,0.15279184060195145,0.3103290187032477,0.40968000000000004,1.30969,0.6592899999999999,0.69143,0.23246
351,0.296552450128703,0.9617859551604686,-0.02985906856448467,0.7504822613732524,0.31213,0.71608,1.30673,1.20892,0.0006999999999999229
352,-0.0748772745720252,0.10530208792217571,-0.9285569946953285,0.43269802250251826,0.38256,0.39722,0.97257,1.6915900000000001,0.023539999999999894
353,0.6532512363030157,-0.0886215148459426,-0.372085072151012,0.1377643916134434,0.44792,1.02229,0.33735000000000004,0.98417,0.38244
354,0.3895837008628294,-0.5745369500868674,-0.4587383862129025,0.8709646557911508,0.28542999999999996,0.79594,0.18423999999999996,1.6653799999999999,0.5984499999999999
355,0.4600228006590851,0.9652972319390727,0.014888025099089652,-0.3574477811522323,0.55767,0.85641,1.19653,0.25116000000000005,0.021610000000000018
356,0.5752909855252969,-0.8508536341622226,-0.10183542096443049,0.3556204429236203,0.39964,0.95537,0.13406000000000007,0.94063,0.94104
357,-0.7738348499880048,0.6227154574995498,0.9862052301598501,0.9314539867408592,0.27202000000000004,0.20280999999999993,1.81055,0.5150399999999999,0.73246
358,0.22969586126467437,-0.9437249683139979,0.23288539154736904,0.5578850211504416,0.35480999999999996,0.65869,0.04005000000000003,0.83058,1.17238
359,-0.07369682140921663,0.2586049455680711,0.7378335601624837,-0.4609597716929048,0.5806100000000001,0.39824000000000004,1.07737,0.43553,0.79508
360,-0.7154724719608956,0.02081571792545131,-0.4587383862129025,-0.5224215429035063,0.59423,0.15270000000000006,1.35568,0.50762,0.27635
361,0.29932541871136664,-0.9318176920158805,0.35853757803699915,0.7503864213241116,0.31215000000000004,0.71846,0.00027999999999994696,0.88612,1.23391
362,0.20077181133786043,-0.932710230960345,-0.6932855379975629,-0.9668093871831547,0.69272,0.63386,0.06755999999999995,0.33326999999999996,0.66534
363,0.3717165468375221,-0.17389934261229256,-0.9940650818686118,0.9366592225207406,0.27087000000000006,0.7806,0.47255,2.1647600000000002,0.09208000000000005
364,0.14562667031132942,0.8438774319227156,0.8805349061265839,0.42528456159507944,0.3842,0.5865199999999999,1.32948,0.18227000000000004,0.55564
365,0.8016271738808438,0.28861973460211976,-0.8053359398803128,-0.13149686730026444,0.5076,1.14967,0.49502,1.12042,0.05604999999999993
366,0.2681949905068379,0.3862919460901917,-0.548542109798696,-0.024507260636800754,0.48389000000000004,0.69174,0.9298,0.99595,0.030039999999999956
367,-0.3711887422892748,-0.5627311761072031,0.6162545452098631,0.49617917400461575,0.36849,0.14285000000000003,0.71648,0.46077,1.17366
368,-0.5192242765755098,-0.5745369500868674,-0.4587383862129025,0.9799033041851828,0.26129,0.01576999999999995,0.81033,1.75589,0.5984499999999999
369,0.2386119580719578,-0.4314184887361471,0.2198424449389152,0.5578850211504416,0.35480999999999996,0.6663399999999999,0.38683999999999996,0.84141,0.88815
370,-0.05804461801967448,-0.5162742079700606,0.9998348826019379,0.976356428722306,0.26207,0.41167,0.53276,0.54103,1.35605
371,0.2047799388037285,-0.30350431679191087,-0.4745356343147138,0.9096501345162219,0.27686,0.6373,0.49827,1.71065,0.44327000000000005
372,-0.8567472560414668,0.9595675389566054,0.15279184060195145,0.4268929732459106,0.38385,0.2739799999999999,2.09973,0.78828,0.09931999999999996
373,-0.14381607466916158,-0.47736033484253076,-0.6765846932769576,0.9878664369748036,0.25952,0.33804,0.6186499999999999,1.94352,0.42801999999999996
374,0.5686613706595077,0.6224680252992046,0.03637207539719228,0.863673023045679,0.28705,0.94967,0.88551,1.24793,0.21870999999999996
375,-0.6674242784330147,-0.9413435997140788,-0.0035184838687654374,-0.2962794287549523,0.5441199999999999,0.11145999999999989,0.6597299999999999,0.31728,1.04319
376,-0.6281584401714126,-0.9413435997140788,0.04345544979561741,-0.12316264868352875,0.5057499999999999,0.07774999999999999,0.63268,0.42208999999999997,1.0686
377,-0.3932753299010459,-0.419969558826897,-0.6045721819039747,-0.6107825425564604,0.61382,0.12388999999999994,0.83005,0.55538,0.43593000000000004
378,0.20632918071495154,-0.09360018356362632,-0.8332314667870155,0.07528508049681759,0.46177,0.63863,0.64181,1.31542,0.13565000000000005
379,0.9429314669806597,-0.5529796849880397,-0.36760237791436823,0.6114766007815151,0.34294,1.27097,0.18212000000000006,1.37405,0.6361
380,-0.6702431279574581,0.6347504723894766,0.8061603699718156,0.4814687594434589,0.37175,0.11387999999999998,1.7474699999999999,0.29074999999999995,0.62854
381,-0.14013344326688126,-0.14589648092555071,-0.8359802346341515,-0.9397919737020259,0.6867300000000001,0.34119999999999995,0.84447,0.47428000000000003,0.16244999999999998
382,-0.04380812983806326,-0.8526281233851887,-0.567901985685545,-0.6720074610182344,0.62739,0.42389,0.29123,0.47402999999999995,0.6898500000000001
383,0.24293656332843744,0.8126871901887744,-0.21765066237890163,0.9040209231761278,0.2781,0.67005,1.24095,1.49253,0.021630000000000038
384,-0.8211541007365607,0.4821985472795316,-0.16738799846736446,0.5894055947491845,0.34783,0.24343000000000004,1.74634,1.18935,0.18435999999999997
385,-0.5657560233119847,0.5626095980040163,-0.10647557131550908,0.7172930602268333,0.31949000000000005,0.02418000000000009,1.6257899999999998,1.245,0.17381000000000002
386,0.5398380317672437,0.2178197784788698,-0.8388858549916651,0.8116540432586711,0.29857,0.92493,0.62659,1.9319600000000001,0.03590000000000004
387,0.4550983860225412,-0.9318176920158805,0.2933474378742239,0.7438602055011834,0.3136,0.8521799999999999,0.10702999999999996,0.93486,1.19864
388,0.138078874694825,-0.8822161734060189,0.9526230921543895,0.18217891712166145,0.43808,0.58004,0.14554,0.07962000000000002,1.5284900000000001
389,-0.14381607466916158,-0.47736033484253076,-0.6765846932769576,0.5076048937793063,0.36595999999999995,0.33804,0.6186499999999999,1.54447,0.42801999999999996
390,0.805783716062636,0.28861973460211976,-0.8053359398803128,-0.9044792752168029,0.67891,1.15323,0.49216000000000004,0.47816000000000003,0.05604999999999993
391,0.08159957761285935,0.5132962385030104,0.45185314869348986,0.43496164985056684,0.38205999999999996,0.53155,1.14584,0.5465,0.50256
392,-0.21913060574591992,-0.8651041081900881,-0.09659616562516297,0.11884928582535054,0.45211,0.27339,0.40342,0.7395499999999999,0.95158
393,-0.8299447764744325,0.18795105770699705,0.9903088661553382,0.8539440388686907,0.2892,0.2509699999999999,1.54968,0.44723,0.9699
394,0.3382249116136993,-0.4299507246053387,-0.6932855379975629,-0.16445643426911105,0.5149,0.75185,0.31923,0.99994,0.39332999999999996
395,0.3595819704635401,-0.8500054111461668,-0.9940650818686118,-0.8148284647428783,0.6590400000000001,0.77019,0.015129999999999977,0.70946,0.45786000000000004
396,-0.052775513691705356,-0.5162742079700606,0.8941275004614506,0.9711462315899072,0.26322999999999996,0.4162,0.52913,0.62453,1.29886
397,0.15803698809996608,-0.9346854269508851,0.012715457031760968,-0.6562782913100735,0.6239,0.59717,0.09563999999999995,0.004669999999999952,1.04837
398,-0.08006672969620454,-0.8526281233851887,-0.6044527981055294,-0.6438010209317536,0.62114,0.39276999999999995,0.31621,0.52784,0.6700699999999999
399,0.24760440099986236,0.3862919460901917,-0.24422882845691427,0.003268151006942277,0.47773,0.67406,0.94398,0.76618,0.19467999999999996
400,0.5752909855252969,-0.8015004127945957,0.7420249229049944,0.7684156952825598,0.30816,0.95537,0.10006000000000004,0.58246,1.37088
401,-0.031673553465368015,-0.17648920995542555,-0.6044527981055294,0.9902659188510625,0.25899000000000005,0.43431,0.74867,1.88558,0.30427000000000004
402,0.4459222521245765,-0.5613199593450047,-0.7998129336199414,-0.3687440397575529,0.56018,0.84431,0.15452999999999995,0.91871,0.40676999999999996
403,-0.7180715547551018,0.28819492308487504,0.0006128617894225474,-0.4826459588639878,0.58542,0.15493,1.5416699999999999,0.15900000000000003,0.38021000000000005
404,-0.7095561342976542,0.4821985472795316,-0.06586181537279873,0.5894055947491845,0.34783,0.14762000000000008,1.66946,1.10499,0.23929
405,0.2574116848938503,-0.4906257942951273,0.9981445755449416,0.06542716308940189,0.46395,0.68248,0.33309999999999995,0.21445000000000003,1.3412600000000001
406,0.21556138450831958,-0.289882803922174,0.7778136661384204,0.9096501345162219,0.27686,0.64655,0.50023,0.67008,1.11345
407,0.4389227822624408,-0.5032987762860957,-0.3888324611543642,-0.3029841228360799,0.5456,0.8383,0.19933,0.6318699999999999,0.59773
408,-0.151484328331571,0.40278105906715167,-0.8447804731541354,0.6148853154798775,0.34218000000000004,0.33146,1.23028,1.77336,0.13915999999999995
409,0.14827868465980576,-0.999938252957263,-0.6006719384969268,0.6494176116582647,0.33453,0.5887899999999999,0.05740999999999996,1.59923,0.7518199999999999
410,-0.14381607466916158,-0.4476706586843226,-0.6765846932769576,0.7513700144928674,0.31193000000000004,0.33804,0.6391100000000001,1.74701,0.41196
411,-0.6815987471784271,-0.8522013117105883,0.09161925711216695,0.4473122155962798,0.37932,0.12362000000000006,0.73091,0.85608,1.04643
412,0.42970558955236704,0.6475095698395716,0.014888025099089652,0.820716431554446,0.29657,0.83039,0.99849,1.23009,0.19354000000000005
413,0.4829502534337414,-0.14589648092555071,-0.05411955407989022,-0.9188676855160256,0.6820999999999999,0.87609,0.41522000000000003,0.15798,0.58546
414,-0.6947055836421605,-0.8344529264595626,-0.46142246022846267,0.314070478529614,0.40885000000000005,0.1348800000000001,0.7521599999999999,1.20489,0.7376199999999999
415,0.20869601840577556,-0.5613199593450047,-0.8550718987620755,-0.18468394121249,0.51938,0.64066,0.31796,1.11756,0.37688
416,0.9982034610324036,0.9922279777476417,0.05282696098450557,-0.5896439284872234,0.60913,1.31842,0.84432,0.02671000000000001,0.027569999999999983
417,-0.6612377967240239,0.4162512885561896,-0.8418432998919744,0.6148853154798775,0.34218000000000004,0.10614999999999997,1.59074,1.77092,0.14484999999999992
418,0.9434259727103017,0.2178197784788698,-0.8504827700431253,0.782527841744837,0.30503,1.27139,0.34856,1.9173900000000001,0.04217000000000004
419,0.5516511156551538,0.5522940495650253,-0.45559385036915173,-0.22821873265514356,0.52903,0.93507,0.84888,0.74946,0.009489999999999998
420,-0.052775513691705356,-0.45827041145857006,0.9815834184093892,0.9695665045760882,0.26358000000000004,0.4162,0.56909,0.55055,1.3148
421,-0.21913060574591992,-0.8651041081900881,-0.5340294580907452,0.11872477215539265,0.45214,0.27339,0.40342,1.1029,0.71492
422,0.1468496444434499,0.904258807468193,0.8452555640928858,0.3939415727481316,0.39115,0.5875699999999999,1.37023,0.18554000000000004,0.50388
423,-0.11996922503058505,0.28283098520358374,-0.0023589172684530813,0.086172047554461,0.45936,0.35851,1.1259299999999999,0.6341,0.38151
424,0.4789870524314523,-0.5032987762860957,-0.5066698850462895,-0.4900217051535394,0.5870500000000001,0.87269,0.17171999999999998,0.57437,0.53398
425,-0.15767079620720648,-0.9460351666119835,0.09161925711216695,0.2254601978667538,0.42849000000000004,0.32615000000000005,0.30532000000000004,0.67174,1.0972
426,0.26441399608796534,0.18272769322053245,0.9008224022664565,0.8136363169627816,0.29813,0.68849,0.79216,0.48809,0.92431
427,0.9721020256355538,0.3083344307881353,0.8796524607372904,0.8097638153221923,0.29899,1.2960099999999999,0.39115999999999995,0.50247,0.8449
428,-0.5435348060144751,-0.9193989987027678,-0.1494367006394446,0.14694757916679288,0.44589,0.0051000000000001044,0.5895,0.8068,0.95237
429,0.5511824498503123,-0.48123967973370707,0.38586748978484536,-0.26644384026380474,0.5375,0.93467,0.13719000000000003,0.018530000000000046,1.00493
430,-0.609677987962763,0.9042412711228233,0.5794125454790577,0.6706136365770071,0.32982999999999996,0.061879999999999935,1.8914,0.6363099999999999,0.36006000000000005
431,0.9861268029506255,0.2178197784788698,-0.6201430900726401,0.7342373483629175,0.31572999999999996,1.30805,0.31914,1.68588,0.08245000000000002
432,-0.7927753908160796,0.825711230099209,0.4269232972113064,0.575609398851316,0.35089000000000004,0.21906000000000003,1.9634399999999999,0.68408,0.32004999999999995
433,0.7038906162817364,-0.6743343932765532,-0.13070929970392148,0.04561749499138196,0.46834,1.06576,0.10104000000000002,0.70704,0.82992
434,0.4789870524314523,-0.5032987762860957,-0.5066698850462895,-0.6235287553800142,0.6166400000000001,0.87269,0.17171999999999998,0.46343999999999996,0.53398
435,0.6020043911024295,0.5522940495650253,0.29395359320119774,-0.22821873265514356,0.52903,0.9783,0.81419,0.12666999999999995,0.39603999999999995
436,0.8102882908639244,-0.3247675413011853,0.2933474378742239,0.7170654420007181,0.31954000000000005,1.1571,0.06647999999999998,0.9126,0.87022
437,0.5546327501610766,-0.9630464423058834,0.14868459912315213,0.8409873937969701,0.29207000000000005,0.93763,0.19711999999999996,1.13577,1.13727
438,-0.09605967047327779,-0.9287942845568288,-0.8682170037412226,0.7513700144928674,0.31193000000000004,0.37904000000000004,0.27475000000000005,1.90624,0.56858
439,-0.7154724719608956,0.011726776414623136,-0.46619569642644837,0.7503610808200734,0.31216,0.15270000000000006,1.34942,1.57137,0.27724000000000004
440,0.07023444157297543,0.33554761455029425,-0.6208555745627333,0.25930383337662866,0.42099,0.52179,1.03122,1.29185,0.018369999999999997
441,0.043236786567799446,-0.959115076280531,-0.4002797545452788,0.5258069144896768,0.36192,0.49861999999999995,0.15790000000000004,1.33002,0.83815
442,0.1344619748198701,-0.9463557868786173,-0.8295906671869209,0.6602201859743905,0.33214,0.5769299999999999,0.10384000000000004,1.79841,0.5989800000000001
443,0.22962931709076428,0.9278431230584079,0.8076781356562623,0.6034396811490352,0.34472,0.65863,1.32945,0.39083,0.47079000000000004
444,0.608615645938725,-0.5979936280894536,0.003358832509659182,-0.3078357714489618,0.54668,0.98397,0.017179999999999973,0.30196999999999996,0.86115
445,-0.7049822576638995,0.6347504723894766,0.8805349061265839,0.6186900032430775,0.34134,0.14369999999999994,1.7713999999999999,0.34297,0.6687799999999999
446,0.296552450128703,0.8841669098823249,0.5844507388708544,0.5321773383382565,0.36051,0.71608,1.25326,0.5171,0.37365000000000004
447,0.5665905603969763,0.6475095698395716,0.014888025099089652,0.6975456091643479,0.32386000000000004,0.9479,0.90418,1.12775,0.19354000000000005
448,0.4577270015985652,-0.7688427762043293,-0.7576403280080783,-0.9602533022316788,0.69127,0.85444,0.003430000000000044,0.39219000000000004,0.54186
449,0.19825599969217472,-0.5224772474904715,0.9526230921543895,0.1926577893861647,0.43576000000000004,0.6316999999999999,0.35190999999999995,0.0709200000000001,1.33386
450,0.07023444157297543,0.2292376821674067,-0.8511952475322417,0.25930383337662866,0.42099,0.52179,0.95798,1.48324,0.04872999999999994
451,-0.5370916244825691,-0.1844684029119803,0.8164826277562947,0.9633898284434728,0.26495,0.00043000000000004146,1.09137,0.6826,1.07734
452,-0.7265387532076901,-0.9808680570800378,-0.6044527981055294,-0.9781649429094099,0.6952400000000001,0.1621999999999999,0.67323,0.25002,0.7394499999999999
453,0.9993788420192843,0.8967476255746122,0.05282696098450557,0.615038657598593,0.34214999999999995,1.31943,0.77773,1.02767,0.07921999999999996
454,0.11212537656530347,-0.8612299323831323,-0.4630362998066053,-0.5291858592838281,0.59573,0.55776,0.17788000000000004,0.5055700000000001,0.7512300000000001
455,0.43150941807242615,-0.17389934261229256,-0.9982989454144385,0.8906521183815612,0.28107000000000004,0.8319300000000001,0.43135999999999997,2.1300499999999998,0.08977999999999997
456,0.21969363276832754,-0.9385087943129906,-0.6044527981055294,-0.3488689565600377,0.55577,0.6501,0.050529999999999964,0.7729,0.71653
457,0.320635238650745,-0.5491689681308662,0.9432362711659703,0.2089216513469507,0.43215000000000003,0.73675,0.24922,0.04960000000000009,1.34323
458,-0.7583204166399676,-0.5272729942675395,-0.5028094899669726,-0.5307428229754053,0.5960799999999999,0.18948999999999994,1.00761,0.53733,0.54904
459,0.1728608299723935,-0.169060895407952,-0.4384579825087209,-0.10211539446457016,0.50109,0.6099,0.61288,0.84,0.39005
460,0.45106478487566565,-0.5743575408577027,-0.6712958176490008,-0.2178593883566743,0.52674,0.84872,0.14200999999999997,0.93729,0.48336
461,0.2755272070562939,0.8011809943019186,-0.09664461640253785,0.9354608323010882,0.27114000000000005,0.6980299999999999,1.21057,1.41811,0.05005999999999999
462,-0.03718631117830215,-0.9193989987027678,-0.1494367006394446,0.14694757916679288,0.44589,0.42957999999999996,0.24067000000000005,0.8068,0.95237
463,-0.3629140458376454,0.5627639732682662,-0.07592335751118645,0.7220931393259398,0.31842000000000004,0.14995000000000003,1.48615,1.2236,0.19025999999999998
464,0.7866649236841625,0.4821985472795316,-0.09873561344221876,0.6014317343907781,0.34516,1.13682,0.63869,1.1423,0.22150999999999998
465,0.296552450128703,0.8015546657997009,0.9998976453856159,0.5321773383382565,0.36051,0.71608,1.19634,0.17191,0.6431100000000001
466,0.2755272070562939,-0.9009481309778663,-0.23687544387798898,0.988736166063612,0.25932999999999995,0.6980299999999999,0.037939999999999974,1.57889,0.89508
467,0.028328969239986013,-0.5979936280894536,-0.005119555181588242,-0.4276082276150478,0.5732200000000001,0.48582000000000003,0.41695000000000004,0.20948999999999995,0.85656
468,0.4789870524314523,-0.7469412661427057,-0.5066698850462895,-0.6235287553800142,0.6166400000000001,0.87269,0.0038799999999999946,0.46343999999999996,0.6658
469,0.3895837008628294,-0.5745369500868674,-0.9419092710058231,0.8709646557911508,0.28542999999999996,0.79594,0.18423999999999996,2.06684,0.33704999999999996
470,0.3468382529557083,-0.09360018356362632,-0.7878194249766537,0.08670287437220525,0.45924,0.75925,0.54501,1.28717,0.16022000000000003
471,-0.44050691670276176,-0.9330763478294581,0.9981445755449416,0.18726859614399172,0.43694999999999995,0.08333999999999997,0.5091,0.1132200000000001,1.58064
472,-0.0823360764053293,-0.9891139289565696,0.700870610027787,-0.7282495524644916,0.63985,0.39081999999999995,0.22374000000000005,0.6269100000000001,1.45012
473,0.9758458927130612,0.2178197784788698,0.8976213012090448,0.7342373483629175,0.31572999999999996,1.29923,0.32621999999999995,0.42478000000000005,0.90359
474,-0.12936442612342625,-0.9460351666119835,0.008676644531661448,0.2254601978667538,0.42849000000000004,0.35045000000000004,0.28581999999999996,0.74066,1.05232
475,-0.750478141144763,0.12921066761314837,-0.8388858549916651,0.7958406318834809,0.30208,0.18274999999999997,1.45447,1.91882,0.01204000000000005
476,-0.09605967047327779,-0.7969943549821502,-0.7434999964178088,0.7509544171585922,0.31203000000000003,0.37904000000000004,0.36555000000000004,1.80227,0.56474
477,0.14224666013059895,-0.1820012617425237,-0.9495262199522276,0.12115002630425031,0.45160999999999996,0.58361,0.62506,1.45015,0.12056
478,0.8360899874069887,-0.45827041145857006,0.6962144564533739,0.9695665045760882,0.26358000000000004,1.17925,0.04326999999999992,0.78766,1.1604
479,-0.3629140458376454,0.9348694161812949,-0.08746217763143799,0.7220931393259398,0.31842000000000004,0.14995000000000003,1.7425000000000002,1.23319,0.017300000000000093
480,-0.7502418771214415,0.9950010627800993,0.309844217693686,0.575609398851316,0.35089000000000004,0.18255,2.05077,0.78136,0.16512000000000004
481,-0.7049822576638995,0.7204554653282038,0.22910516033495948,0.5548741183256752,0.35548,0.14369999999999994,1.83045,0.83121,0.26997000000000004
482,0.4082832057081599,-0.75663833248017,-0.9192132006290794,0.615038657598593,0.34214999999999995,0.812,0.04590000000000005,1.83534,0.44784999999999997
483,0.027934630147863515,-0.9346854269508851,0.012715457031760968,-0.7310515723253452,0.64047,0.48548,0.18527000000000005,0.05746000000000007,1.04837
484,0.1344619748198701,-0.911935983477045,-0.8295906671869209,-0.17314955200818988,0.51683,0.5769299999999999,0.12756,1.10597,0.5803499999999999
485,-0.1659733848543401,-0.33428428323371007,-0.5515566641489247,-0.092896041042269,0.49904000000000004,0.31901999999999997,0.73249,0.94163,0.41825
486,0.7778063760099163,0.2810302810999541,-0.8562205290060336,0.8892444191515967,0.28137999999999996,1.1292200000000001,0.5062,2.01083,0.07946999999999993
487,0.22962931709076428,0.5556608760721116,0.8191288463099966,0.6034396811490352,0.34472,0.65863,1.07305,0.38132,0.67835
488,0.8624756909699185,0.9006679288912773,0.12643080472560708,0.6324584101281915,0.33829,1.2019,0.87475,0.98099,0.11692000000000002
489,0.20869601840577556,-0.5442317905446821,-0.8550718987620755,-0.06196651053171698,0.49219,0.64066,0.32972999999999997,1.21952,0.36763
490,0.011245781033267621,-0.9891139289565696,0.737928105770071,-0.029161348353447192,0.48492,0.47116,0.15927000000000002,0.07682999999999995,1.47017
491,-0.7927753908160796,0.825773120439168,0.4269232972113064,0.7358781944542548,0.31537000000000004,0.21906000000000003,1.9634800000000001,0.81724,0.32001999999999997
492,-0.6674242784330147,-0.9413435997140788,0.1359756870771744,0.5985409574137175,0.3458,0.11145999999999989,0.6597299999999999,0.9448799999999999,1.11866
493,0.7718979054201311,-0.5564992457012536,-0.49925556091359846,-0.3687440397575529,0.56018,1.12414,0.06671999999999989,0.66898,0.56677
494,-0.5370916244825691,-0.1844684029119803,-0.972337499680527,0.8809218728479598,0.28322,0.00043000000000004146,1.09137,2.1004,0.10955000000000004
495,0.07709428957390557,-0.17389934261229256,-0.9982989454144385,0.635323169898846,0.33765,0.5276799999999999,0.67552,1.9179,0.08977999999999997
496,-0.020259140050256252,-0.5564992457012536,-0.5058594628233879,-0.40981114106756833,0.56928,0.44411,0.47901000000000005,0.64034,0.5631999999999999
497,0.9146318131238924,0.8574395066327278,0.11950866992755904,0.7809572178208968,0.30538,1.24668,0.80904,1.11013,0.13656999999999997
498,0.4459222521245765,-0.9857026229946257,-0.7998129336199414,-0.7262853556950147,0.63942,0.84431,0.1378299999999999,0.62163,0.63637
499,0.4397723329708212,-0.964436120640537,0.22380288705884477,0.8409873937969701,0.29207000000000005,0.8390299999999999,0.11894000000000005,1.07335,1.1786699999999999
500,0.0349781872780317,0.23118070240259891,-0.993951150719173,0.7052625265042041,0.32215000000000005,0.49153,0.98361,1.9724,0.1270199999999999
501,-0.0823360764053293,-0.5613346839432771,0.700870610027787,-0.370708234313989,0.56061,0.39081999999999995,0.5184500000000001,0.32983000000000007,1.21868
502,0.524113073559412,-0.5730904442708153,0.9927810177535636,0.16972563537921975,0.44084,0.91143,0.09255999999999998,0.12334,1.38297
503,0.7141835216031316,0.5605467075629409,-0.6142516726529438,0.25930383337662866,0.42099,1.0746,0.7425999999999999,1.28637,0.09979000000000005
504,0.21969363276832754,-0.9385087943129906,-0.4905703494022293,-0.3488689565600377,0.55577,0.6501,0.050529999999999964,0.6782699999999999,0.77815
505,-0.6640288273117629,-0.8421089127281312,0.980785696897633,0.31653169777355983,0.4083,0.10854000000000008,0.72576,0.008610000000000007,1.52203
506,-0.7653621908609586,-0.17345601887709455,0.7713081781451083,0.11311136959451296,0.45338999999999996,0.19552999999999998,1.25621,0.013639999999999985,1.04694
507,0.15636318674561708,-0.18950755224825788,-0.9495262199522276,0.25740554246998004,0.42140999999999995,0.59573,0.61016,1.56337,0.12461999999999995
508,-0.5771949588540254,0.9605617387306284,-0.6314661882681762,-0.05071199514705865,0.48968999999999996,0.03400000000000003,1.90782,1.04308,0.32552000000000003
509,0.39167380284257114,-0.48123967973370707,0.38586748978484536,-0.274201778852863,0.53922,0.79774,0.24707,0.012090000000000045,1.00493
510,-0.6707927428179967,0.6822408428353052,0.021399348476739133,0.4814687594434589,0.37175,0.11434999999999995,1.78057,0.9428,0.17827000000000004
511,0.1737468605913961,-0.033952680958861614,0.33236741274179293,-0.10211539446457016,0.50109,0.61066,0.7053499999999999,0.19952999999999999,0.7339899999999999
512,-0.7992827997598324,-0.985724099385421,-0.8611952211246531,-0.3687440397575529,0.56018,0.22465000000000002,0.72,0.96971,0.60318
513,-0.6218978459430996,-0.9413435997140788,0.09161925711216695,0.4473122155962798,0.37932,0.07237000000000005,0.62837,0.85608,1.09466
514,0.7676925688932463,0.7204554653282038,0.6838783922675622,0.5548741183256752,0.35548,1.12053,0.8159,0.45335000000000003,0.5160100000000001
515,0.9910050894200493,0.8638501025511258,-0.026340757987438068,-0.9602533022316788,0.69127,1.31224,0.76084,0.21544999999999992,0.05418999999999996
516,0.7600580545909865,0.3030802388860983,-0.7380319842551635,-0.944341742610296,0.68774,1.11398,0.53362,0.38910999999999996,0.02746000000000004
517,-0.44050691670276176,-0.8356661553896287,-0.106051726091268,0.07751175591009374,0.46128,0.08333999999999997,0.57621,0.71306,0.93054
518,0.13037832589272824,-0.8251184476192023,-0.8295906671869209,-0.07129893308527652,0.49426000000000003,0.57343,0.19018000000000002,1.1905999999999999,0.53338
519,0.7141835216031316,0.4868279531893369,-0.6912423127640791,0.25930383337662866,0.42099,1.0746,0.69181,1.35034,0.1015600000000001
520,0.9416190084329034,0.4850328935959046,0.9487922455279416,0.7342373483629175,0.31572999999999996,1.26984,0.53389,0.38226000000000004,0.78671
521,0.4903594940943453,0.9645201379440081,0.65549192498809,0.5390363031158507,0.35899000000000003,0.88245,1.1751,0.46377,0.36861
522,0.5674698993309084,-0.6834066150316531,0.9927810177535636,0.22675807681179572,0.4282,0.94865,0.013309999999999933,0.07594999999999996,1.44266
523,0.15929039548415003,-0.4299507246053387,-0.5760097344874038,-0.8976477849719857,0.6773899999999999,0.59825,0.4425,0.29329000000000005,0.45677999999999996
524,0.3471631729990162,-0.21184873191837994,-0.9706100081457998,0.14758401843898594,0.44575,0.75953,0.46333,1.48964,0.12529999999999997
525,-0.7409412680697579,0.10314641750732673,-0.3509634848708875,-0.5378024710538327,0.59764,0.1745699999999999,1.42994,0.40529000000000004,0.29012000000000004
526,0.19825599969217472,-0.8822161734060189,0.87731396340918,0.19456532307942132,0.43533,0.6316999999999999,0.10407999999999995,0.006760000000000099,1.4877500000000001
527,-0.1328731839332948,-0.9385087943129906,-0.6044527981055294,-0.3488689565600377,0.55577,0.34743,0.29342,0.7729,0.71653
528,0.24535312420078492,-0.48127484343788507,0.38586748978484536,-0.4276459767060825,0.57323,0.67213,0.34785,0.11541000000000001,1.00495
529,-0.929420480453055,0.29884041004842943,-0.5744655870335139,0.368031429752363,0.39688999999999997,0.33637000000000006,1.69461,1.34365,0.06333
530,0.4082832057081599,-0.75663833248017,-0.8408634499878209,0.615038657598593,0.34214999999999995,0.812,0.04590000000000005,1.77024,0.49024
531,-0.48719153205613086,0.4162512885561896,-0.7805695183407454,-0.6945595272755443,0.6323799999999999,0.04327000000000003,1.47084,0.632,0.11169999999999991
532,-0.1659733848543401,-0.33428428323371007,-0.5515566641489247,-0.32274719152619,0.54998,0.31901999999999997,0.73249,0.75065,0.41825
533,0.9758458927130612,0.4123626638736011,0.963652462560149,0.7342373483629175,0.31572999999999996,1.29923,0.46025000000000005,0.36992,0.83406
534,-0.7082903948415045,-0.4824564444347066,-0.9267440200305597,-0.9740930280357856,0.69434,0.1465399999999999,1.00402,0.52119,0.29542999999999997
535,0.19031245407560982,0.4673973236415314,-0.5908850616666846,0.8772176621426135,0.28403999999999996,0.62488,1.03933,1.78037,0.03675000000000006
536,0.6817379441960638,0.8106067029831193,-0.17952370502074244,0.9687319706381813,0.26376,1.04675,0.9372199999999999,1.51461,0.00012000000000000899
537,0.3488838515196325,-0.9182530726789531,0.6830323572891552,0.4363058910646263,0.38176,0.761,0.024510000000000032,0.35553,1.40213
538,0.1737468605913961,-0.8133320149021716,0.29437094757559984,-0.10211539446457016,0.50109,0.61066,0.16842000000000001,0.23109999999999997,1.13509
539,-0.025225925619081047,-0.7128148279460252,-0.8030705097899309,-0.6562782913100735,0.6239,0.43984999999999996,0.37475,0.6825,0.48697
540,0.7707705356024713,0.4914415534602713,-0.406500245774505,0.7954000555331384,0.30218,1.12318,0.656,1.55919,0.050000000000000044
541,0.5619815022294086,-0.8442291514376203,-0.36356593555493755,0.615038657598593,0.34214999999999995,0.94394,0.12031999999999998,1.37365,0.79585
542,-0.015008389666547273,0.44650666401966865,-0.5906702272909687,0.25930383337662866,0.42099,0.44862,1.16638,1.26677,0.025330000000000075
543,-0.423493778398645,-0.933349535136413,-0.8295906671869209,-0.17314955200818988,0.51683,0.09794999999999998,0.49719,1.10597,0.59194
544,0.5009812837583727,0.5509950705643101,-0.4574625460490118,0.6612932441221964,0.3319,0.89157,0.88289,1.4901,0.009789999999999965
545,-0.5776606813297485,0.904258807468193,0.7917077730442581,0.638923474894745,0.33685,0.034399999999999986,1.86936,0.43359000000000003,0.47491000000000005
546,-0.03874257304356954,-0.6834066150316531,0.9914622519515001,0.22675807681179572,0.4282,0.42823999999999995,0.40432,0.07485000000000008,1.44194
547,-0.1795652220972812,0.4385639332992508,-0.6208555745627333,0.24956586903428346,0.42315,0.30735,1.27428,1.28376,0.0373699999999999
548,0.11753113378408342,-0.6263758605465504,0.38586748978484536,-0.4276459767060825,0.57323,0.5624,0.33594999999999997,0.11541000000000001,1.08345
549,0.29932541871136664,0.1937325678569724,0.31643318459955927,0.8730577269860578,0.28496999999999995,0.71846,0.77569,1.02303,0.60219
550,0.226036954566893,-0.2995252139050222,-0.8295906671869209,-0.09512667047764675,0.49954,0.65554,0.48636999999999997,1.1708,0.24902999999999997
551,-0.21572110839105108,-0.47535401536370503,-0.5760097344874038,-0.8976477849719857,0.6773899999999999,0.27630999999999994,0.66957,0.29329000000000005,0.48134999999999994
552,-0.1533329217532211,0.44650666401966865,-0.6208555745627333,0.4007163988948097,0.38965000000000005,0.32987,1.2616800000000001,1.4093499999999999,0.04166000000000003
553,-0.6971310349504076,0.2071857053453126,0.7566724633260169,-0.03777796084148455,0.48683,0.13695999999999997,1.47144,0.09956999999999994,0.83309
554,-0.620867091841927,-0.45827041145857006,-0.09930538334448205,0.9695665045760882,0.26358000000000004,0.07149000000000005,0.96045,1.44865,0.73001
555,-0.022837449967356704,-0.5564992457012536,-0.7351907132638907,-0.40981114106756833,0.56928,0.44189999999999996,0.48079000000000005,0.83089,0.43913
556,-0.5435348060144751,-0.9255366612978222,-0.4020718987584948,0.14694757916679288,0.44589,0.0051000000000001044,0.58527,1.01671,0.81901
557,0.2435244059702591,-0.8822161734060189,0.87731396340918,0.23207413661845133,0.42701999999999996,0.67056,0.07289999999999996,0.024410000000000043,1.4877500000000001
558,-0.7035019510722943,-0.4299507246053387,0.9981445755449416,0.32437606751701975,0.40657,0.14243000000000006,1.03689,0.0007099999999999884,1.30843
559,-0.5370916244825691,-0.15016495136382357,-0.972337499680527,0.9633898284434728,0.26495,0.00043000000000004146,1.115,2.16892,0.09099000000000002
560,0.29932541871136664,-0.9318176920158805,0.3422998294058205,-0.3113398945729595,0.54745,0.71846,0.00027999999999994696,0.017429999999999946,1.22513
561,-0.7037038684943782,-0.9589820110175051,0.9981445755449416,0.32437606751701975,0.40657,0.14260000000000006,0.67257,0.0007099999999999884,1.5946500000000001
562,-0.7265387532076901,-0.9808680570800378,-0.5105662742021111,-0.9860031178511663,0.69697,0.1621999999999999,0.67323,0.16549999999999998,0.79025
563,0.9438579042108177,0.904258807468193,0.8452555640928858,0.46216283658523516,0.37603,1.27177,0.82116,0.24222999999999995,0.50388
564,-0.8449524666197412,0.2967700928169388,-0.7264003183626391,0.8772176621426135,0.28403999999999996,0.26386,1.6349900000000002,1.89297,0.017749999999999932
565,0.8360899874069887,-0.45827041145857006,0.8720250007127919,0.9338233186259295,0.27149999999999996,1.17925,0.04326999999999992,0.61188,1.25552
566,-0.83185827227089,0.7469062572589942,0.30934673387510314,-0.5433682991219883,0.5988800000000001,0.25262000000000007,1.93608,0.14798,0.29906999999999995
567,-0.7861749981556972,0.9637960397723853,0.7964319955672061,-0.2505915506389424,0.53399,0.21340000000000003,2.05402,0.3094300000000001,0.44526
568,0.9146318131238924,0.09634310159450643,0.18129104383356054,0.7859493394041217,0.30427000000000004,1.24668,0.28471,1.06294,0.58176
569,-0.2129078705617154,-0.3448719576467614,0.7368374087240404,0.9770580648267722,0.26192000000000004,0.27873000000000003,0.75753,0.76013,1.12103
570,-0.1533329217532211,0.44650666401966865,-0.6208555745627333,0.01614422457243675,0.47487999999999997,0.32987,1.2616800000000001,1.08981,0.04166000000000003
571,-0.07613820846826258,-0.5526741310270811,-0.7351907132638907,-0.40981114106756833,0.56928,0.39614000000000005,0.52014,0.83089,0.43706
572,-0.04083854398583308,-0.36426445664791185,-0.49628196063246105,-0.324607328324891,0.5503899999999999,0.42644000000000004,0.6256200000000001,0.70318,0.46438
573,-0.11094493073771688,0.38401557533005426,-0.5904923994121223,0.7182704618205538,0.31927000000000005,0.36626000000000003,1.18942,1.64798,0.008569999999999967
574,0.3578102828081261,-0.8996969673584999,-0.17952370502074244,0.23218835598763682,0.42700000000000005,0.76867,0.017879999999999896,0.90262,0.92543
575,0.09196819881086643,-0.7128148279460252,-0.8030705097899309,-0.6528280461824212,0.62314,0.54045,0.29401,0.68537,0.48697
576,0.5207886178149368,0.5763500947102234,-0.3622257760893921,0.6612932441221964,0.3319,0.9085799999999999,0.88672,1.41097,0.02800999999999998
577,0.9259481605725925,0.4526047204765198,0.9843924102035826,0.4166832843136722,0.38610999999999995,1.2563900000000001,0.52234,0.08882999999999996,0.82351
578,-0.533134672359921,-0.9808680570800378,-0.7659951293142229,-0.9781649429094099,0.6952400000000001,0.00383,0.53999,0.38424,0.65205
579,-0.7433370504291527,0.12436284280967502,0.7580684059556261,-0.026756584976271758,0.48438000000000003,0.17662,1.44621,0.09156999999999993,0.87865
580,0.050040550878499124,0.4123626638736011,0.963652462560149,0.7342373483629175,0.31572999999999996,0.50446,1.09805,0.36992,0.83406
581,0.2351781200380244,-0.6041652628194418,-0.7796244123590405,-0.13020030881385236,0.5073099999999999,0.6633899999999999,0.2702,1.1001400000000001,0.44088000000000005
582,-0.7174206314909853,-0.24083965344059932,-0.9518602409787817,-0.872480581133964,0.67182,0.15437999999999996,1.17676,0.62649,0.15113
583,-0.03874257304356954,-0.7706416118677073,0.9982739902667895,0.19477301919417023,0.43528999999999995,0.42823999999999995,0.34421999999999997,0.10708999999999991,1.49283
584,-0.7579291845952905,-0.9009481309778663,-0.23687544387798898,0.988736166063612,0.25932999999999995,0.18914999999999993,0.7499100000000001,1.57889,0.89508
585,0.29932541871136664,-0.9318176920158805,0.3422998294058205,0.1002706389336121,0.45623,0.71846,0.00027999999999994696,0.35943,1.22513
586,-0.656359980955846,0.06759240611928397,-0.9121294303766105,-0.06776787728805173,0.49346999999999996,0.10196000000000005,1.34718,1.26211,0.005750000000000033
587,0.7866649236841625,0.4821985472795316,-0.09873561344221876,0.46868841118352067,0.37458,1.13682,0.63869,1.032,0.22150999999999998
588,0.26029403984363775,-0.8333872844843322,-0.6927490926768854,0.8776450710485231,0.28395000000000004,0.68495,0.09497999999999995,1.86537,0.61189
589,0.4702719300181505,0.8018735793224703,0.04347850783446627,-0.6827907988754853,0.62978,0.86521,1.07688,0.04292000000000007,0.12549
590,-0.06917529444240389,-0.6732627267800703,-0.7311664347402143,0.6922187692673183,0.32504,0.40212000000000003,0.43227000000000004,1.74322,0.50448
591,0.3162969998163296,0.904258807468193,0.8879663761040857,0.5885978629390821,0.34801000000000004,0.7330300000000001,1.2535,0.31179,0.5269900000000001
592,0.8547397042206738,0.9198148273738876,0.6302698476541924,0.615038657598593,0.34214999999999995,1.19526,0.89327,0.5478799999999999,0.37915
593,0.9301751660709456,-0.6263758605465504,0.34627622813089937,0.81930796111111,0.29688000000000003,1.26002,0.2239,0.95357,1.06203
594,0.10229973493076633,0.904258807468193,0.8452555640928858,0.41544707047588275,0.38637999999999995,0.54932,1.40092,0.20340999999999998,0.50388
595,-0.6514507713748265,0.323913710282199,-0.7517317661850543,-0.7388165747257818,0.64219,0.09773999999999994,1.5203799999999998,0.57127,0.04614000000000007
596,-0.17150300745461025,-0.9043528340260305,-0.1657075335963486,0.25922960077456736,0.42100000000000004,0.31427000000000005,0.34357000000000004,0.91361,0.93543
597,-0.9360127220652443,0.9447207909570576,0.3113869161881156,-0.495883433782927,0.5883499999999999,0.34203000000000006,2.14411,0.11021999999999998,0.19316
598,0.9677330666901522,-0.4580018579420174,0.7387731424652726,0.925674650947621,0.2733,1.29226,0.13376999999999994,0.71583,1.1832799999999999
599,-0.7035019510722943,-0.4299507246053387,0.9575207402612418,0.35800833268435217,0.39910999999999996,0.14243000000000006,1.03689,0.06240000000000001,1.28646
600,-0.606595696465664,0.8106067029831193,-0.32391514622721085,0.38425687879096776,0.39329000000000003,0.05923999999999996,1.82477,1.14895,0.07800000000000007
601,-0.7435965364486082,-0.5280533354340357,0.1486942254793861,0.4473122155962798,0.37932,0.17684999999999995,0.99693,0.8086599999999999,0.90194
602,-0.8449524666197412,0.9424443426941975,0.29295569645693065,0.8772176621426135,0.28403999999999996,0.26386,2.07981,1.046,0.18442000000000003
603,0.6471139646699788,-0.8463588087938441,0.6080425583542626,-0.045222161414451054,0.48848,1.01702,0.18043999999999993,0.017739999999999978,1.32267
604,-0.7433370504291527,-0.18596596505726756,0.7580684059556261,-0.026756584976271758,0.48438000000000003,0.17662,1.23242,0.09156999999999993,1.04655
605,0.3468382529557083,-0.2121172854349252,0.6237054901889243,-0.011307010070081058,0.48096000000000005,0.75925,0.46336,0.032909999999999995,0.988
606,-0.10299195350260126,-0.06229361237605957,-0.7351907132638907,-0.40981114106756833,0.56928,0.37309000000000003,0.87648,0.83089,0.17174999999999996
607,0.10761054045135654,-0.9382563130609889,-0.8030705097899309,-0.6528280461824212,0.62314,0.5538799999999999,0.12792000000000003,0.68537,0.60894
608,-0.41978576025193604,0.010555259979484255,-0.9038976019048645,0.9271471675353191,0.27298,0.10113000000000005,1.14491,2.08194,0.041059999999999985
609,0.5009812837583727,0.5509950705643101,0.4602844845997691,0.6612932441221964,0.3319,0.89157,0.88289,0.7275499999999999,0.48673
610,-0.012486999709865651,-0.9811921948571832,-0.6092465836866598,-0.3488862600703901,0.5557799999999999,0.45077999999999996,0.18108000000000002,0.77687,0.7370300000000001
611,0.10033842964164841,0.09634310159450643,0.18129104383356054,-0.4615998372593787,0.5807599999999999,0.54764,0.84569,0.02636000000000005,0.58176
