,aqp4_Toluquilla_to_PP1,aqp1_PP2_to_PP3,aqp2_PP3_to_Pozos,aqp3_Pozos_to_Toluquilla,chapala_flow,calderon_flow,zapotillo_flow,pozos_flow,toluquilla_flow,scenario,delivered_PP1,delivered_PP2,delivered_PP3,delivered_Toluquilla,delivered_Pozos,supplied_PP1,supplied_PP2,supplied_PP3,supplied_Toluquilla,supplied_Pozos,demand_PP1,demand_PP2,demand_PP3,demand_Toluquilla,demand_Pozos,supplied_demand_PP1,supplied_demand_PP2,supplied_demand_PP3,supplied_demand_Toluquilla,supplied_demand_Pozos,supplied_demand_deficit_PP1,supplied_demand_deficit_PP2,supplied_demand_deficit_PP3,supplied_demand_deficit_Toluquilla,supplied_demand_deficit_Pozos,supply_percapita_PP1,supply_percapita_PP2,supply_percapita_PP3,supply_percapita_Toluquilla,supply_percapita_Pozos,min_supplied_demand,min_deficit_sq,supplied_demand_GINI,experiment,scenario_name
0,-0.93869564453287,0.2795597018528069,0.893372431096355,-0.7991722945357246,10.27369149730866,1.4390179168136428,1.0298217853695197,0.9330183634243363,0.521786099124827,0.0,8.321690112820015,1.9520013844886452,2.4688397021831623,0.521786099124827,0.9330183634243363,3.8166541034693697,0.9982710307190616,1.2147277132065788,1.0218945139275826,1.5731943819169905,2.93292,0.75717,0.94351,0.78229,1.20143,1.30132,1.31842,1.28746,1.30629,1.30943,0.30132000000000003,0.3184199999999999,0.28746000000000005,0.30628999999999995,0.3094300000000001,209.0,194.0,201.0,193.0,192.0,1.28746,0.05741,0.004294395761407457,GINI optimization for all,
1,0.1489261144752894,-0.10413390778229649,0.7028883501024559,-0.10435143500610561,3.554184368661719,0.325674015104617,1.3430759946211883,0.43423677936603333,0.6848479939534824,1.0,2.8788893386159926,0.6752950300457267,1.6687500097258052,0.6848479939534824,0.43423677936603333,1.6282559469791016,0.4759028857211345,0.5406456945717444,0.4638399159369359,0.7448639074591439,2.93292,0.75717,0.94351,0.78229,1.20143,0.55517,0.62853,0.57302,0.59293,0.61998,0.44482999999999995,0.37146999999999997,0.42698,0.40707000000000004,0.38002,89.0,92.0,89.0,88.0,91.0,0.55517,0.07911,0.026088098517323702,GINI optimization for all,
2,0.39174916809382665,-0.26907407703631664,0.5407473496194103,0.73446868840736,3.6272006971573787,1.0832932122839547,0.4463875869897519,2.1509312700532504,0.20235630038851876,2.0,2.938032564697477,0.6891681324599019,1.5296807992737067,0.20235630038851876,2.1509312700532504,1.8175527623774572,0.5915002861456166,0.6779291809416558,0.5861790605425036,0.9646032837048307,2.93292,0.75717,0.94351,0.78229,1.20143,0.61971,0.7812,0.71852,0.74931,0.80288,0.38029,0.2188,0.28147999999999995,0.25068999999999997,0.19711999999999996,99.0,115.0,112.0,111.0,118.0,0.61971,0.02745,0.04673904162195435,GINI optimization for all,
3,0.4371472316197659,-0.5076520568986165,0.5329338635645307,0.8619587780996686,1.9693817871726234,1.2018260806581431,0.5963592470181317,2.189493822976544,0.27077617129311626,3.0,1.5951992476098251,0.37418253956279846,1.7981853276762747,0.27077617129311626,2.189493822976544,1.1327278923113702,0.5561671821498123,0.6952563792662132,0.5839908738789373,0.8962071738012682,2.93292,0.75717,0.94351,0.78229,1.20143,0.38621,0.73453,0.73688,0.74651,0.74595,0.6137900000000001,0.26547,0.26312,0.25349,0.25405,62.0,108.0,115.0,110.0,109.0,0.38621,0.03932,0.0874032858916802,GINI optimization for all,
4,-0.21179833351910127,0.1598068975010125,0.9870711026919217,-0.1476600459222689,7.1540280561797,1.3028949995753423,1.014956052364749,0.8161049370582633,0.472207166214826,4.0,5.794762725505557,1.3592653306741431,2.3178510519400914,0.472207166214826,0.8161049370582633,2.94491306267252,0.7178014090168613,0.9695128693412686,0.7581005712047338,1.1513404496877635,2.93292,0.75717,0.94351,0.78229,1.20143,1.00409,0.94801,1.02756,0.96908,0.95831,0.004089999999999927,0.05198999999999998,0.02756000000000003,0.030919999999999948,0.041690000000000005,161.0,139.0,160.0,143.0,140.0,0.94801,0.00014,0.016700869157640536,GINI optimization for all,
5,0.7906183420272124,-0.15297642078008275,0.8452493004168546,0.9365058951023822,1.7952168862903988,1.2313373013213185,0.2702875987735272,1.0832041255072018,0.20972445162696515,5.0,1.4541256778952232,0.34109120839517576,1.5016249000948456,0.20972445162696515,1.0832041255072018,1.287438617930831,0.30562430898193754,0.39970206964526106,0.34116927081347403,0.48986770508655836,2.93292,0.75717,0.94351,0.78229,1.20143,0.43896,0.40364,0.42363,0.43612,0.40774,0.56104,0.59636,0.57637,0.5638799999999999,0.59226,70.0,59.0,66.0,64.0,60.0,0.40364,0.19459,0.01877076333236972,GINI optimization for all,
6,0.4687470206208341,-0.9848243398495565,0.029218296059618565,0.9731982376840075,0.053939240990602294,1.4429300534708365,0.2918975761258953,3.416665506403382,0.5357920979344383,6.0,0.04369078520238786,0.010248455788214436,1.7348276295967318,0.5357920979344383,3.416665506403382,0.3279273134998044,0.6463310124261874,0.8337421045827003,0.6993655954342557,1.1186624496906619,2.93292,0.75717,0.94351,0.78229,1.20143,0.11181,0.85361,0.88366,0.894,0.93111,0.88819,0.14639000000000002,0.11634,0.10599999999999998,0.06889,18.0,125.0,138.0,132.0,136.0,0.11181,0.00685,0.18278749874121916,GINI optimization for all,
7,0.5848791956971668,-0.026909123901019558,0.36323820967619513,0.6566945915974212,6.626948422063204,0.6562709270254754,0.8384010086590978,2.9530130667503838,0.6609067629753511,7.0,5.3678282218711955,1.2591202001920088,1.4946719356845732,0.6609067629753511,2.9530130667503838,3.2356413781097597,0.778629091551732,1.033825116973685,0.8739695746360565,1.3064309765936475,2.93292,0.75717,0.94351,0.78229,1.20143,1.10322,1.02834,1.09572,1.11719,1.0874,0.10322000000000009,0.028340000000000032,0.09572000000000003,0.1171899999999999,0.08739999999999992,177.0,151.0,171.0,165.0,159.0,1.02834,0.00046,0.014250709240095945,GINI optimization for all,
8,0.43314085493068655,0.008164517121159544,0.536960325319241,0.46878984242732563,7.136175842641915,1.3409223130798638,0.3801392045625153,2.5487764446315744,0.67209410606,8.0,5.780302432539951,1.3558734101019638,1.7210615176423791,0.67209410606,2.5487764446315744,3.356431237718899,0.8143185402778834,1.02800534988817,0.8818899612227438,1.3365404713079532,2.93292,0.75717,0.94351,0.78229,1.20143,1.1444,1.07548,1.08955,1.12732,1.11246,0.14440000000000008,0.07547999999999999,0.08955000000000002,0.1273200000000001,0.11246,183.0,158.0,170.0,167.0,163.0,1.07548,0.00327,0.012658378399808282,GINI optimization for all,
9,0.722309272990324,-0.5676051835594893,0.23788205969047493,0.9369207066688765,1.0269437660051315,0.21241889751800197,1.2472651322320354,2.5910367931148013,0.45713748188372505,9.0,0.8318244504641565,0.19511931554097497,1.4596840297500373,0.45713748188372505,2.5910367931148013,0.9119983621126234,0.48689299555818744,0.6956470709763449,0.5098610636369333,0.8592805335732433,2.93292,0.75717,0.94351,0.78229,1.20143,0.31095,0.64304,0.7373,0.65175,0.71521,0.6890499999999999,0.35696000000000006,0.26270000000000004,0.34824999999999995,0.28479,50.0,94.0,115.0,96.0,105.0,0.31095,0.06144,0.12096721981525384,GINI optimization for all,
10,0.09811751046577996,-0.597098428244504,0.978884198319923,0.04760117670873004,0.41703714941337083,1.3946816366243235,1.168058229418845,0.1517399880299775,0.7410609451722232,10.0,0.3378000910248304,0.07923705838854046,2.5627398660431684,0.7410609451722232,0.1517399880299775,0.24347251822432572,0.43601278015480033,0.5445137402001147,0.44161236286185734,0.682266137978474,2.93292,0.75717,0.94351,0.78229,1.20143,0.08301,0.57585,0.57711,0.56451,0.56788,0.91699,0.42415,0.42289,0.43549000000000004,0.43211999999999995,13.0,85.0,90.0,83.0,83.0,0.08301,0.10314,0.1688155516897769,GINI optimization for all,
11,0.4515205956567334,-0.3599825953889422,-0.2616654286458714,0.7971966301792937,2.7410063845273287,0.48676162276133117,0.08523500302515724,3.0382319400321474,0.2578140587907066,11.0,2.2202151714671365,0.5207912130601925,0.5719966257864884,0.2578140587907066,3.0382319400321474,1.474554049790535,0.5488069752976987,0.6768359541091153,0.5810894447372903,0.8521232553599414,2.93292,0.75717,0.94351,0.78229,1.20143,0.50276,0.72481,0.71736,0.74281,0.70926,0.49724,0.27519000000000005,0.28264,0.25719000000000003,0.29074,81.0,106.0,112.0,110.0,104.0,0.50276,0.04048,0.058363261701501315,GINI optimization for all,
12,0.7081628863714124,-0.6694983355910962,-0.10520587864013556,0.8936670850901158,0.7114036085615643,0.07361802645646473,0.9572332972928024,2.970000498176012,0.545982783612676,12.0,0.5762369229348671,0.1351666856266972,1.0308513237492671,0.545982783612676,2.970000498176012,0.76684086966585,0.5168821795955509,0.6424595929511892,0.5310345547270033,0.856522826150575,2.93292,0.75717,0.94351,0.78229,1.20143,0.26146,0.68265,0.68093,0.67882,0.71292,0.73854,0.31735,0.31906999999999996,0.32118,0.28708,42.0,100.0,106.0,100.0,104.0,0.26146,0.05774,0.12022752736361283,GINI optimization for all,
13,0.10486627807470517,-0.39788884310979583,0.9879734824664929,0.8015062527048935,4.018852730624715,1.3971038653255778,1.1232813445799068,1.995403299501435,0.018985771286047677,13.0,3.25527071180602,0.7635820188186959,2.5203852099054846,0.018985771286047677,1.995403299501435,1.7998368886008889,0.720213078397269,0.8821647766984643,0.7263704625799656,1.1328731721922671,2.93292,0.75717,0.94351,0.78229,1.20143,0.61367,0.95119,0.93498,0.92852,0.94294,0.38632999999999995,0.04881000000000002,0.06501999999999997,0.07147999999999999,0.05706,98.0,140.0,146.0,137.0,138.0,0.61367,0.00137,0.06308969871662892,GINI optimization for all,
14,-0.1930899082457096,0.03774357735019245,0.9950204187068155,0.44202649738258104,9.859446785469133,1.3701520952429367,1.3523033183587518,2.6799205665898884,0.18805063917434373,14.0,7.986151896229998,1.8732948892391355,2.7224554136016885,0.18805063917434373,2.6799205665898884,4.122804922358799,1.1078734352674324,1.3718840242971013,1.1406567009574722,1.7181657761218259,2.93292,0.75717,0.94351,0.78229,1.20143,1.4057,1.46318,1.45402,1.4581,1.4301,0.40569999999999995,0.4631799999999999,0.4540200000000001,0.45809999999999995,0.4300999999999999,225.0,215.0,227.0,215.0,209.0,1.4057,0.12299,0.007929996810472741,GINI optimization for all,
15,0.36746247409056454,-0.21721475529627562,0.7001484652932379,0.8459951968358964,4.274836553309249,1.49840333356434,0.3478211856275987,2.1141496488738225,0.05760863679966294,15.0,3.4626176081804916,0.8122189451287573,1.8462245191919386,0.05760863679966294,2.1141496488738225,2.080824671006561,0.6321759432729129,0.7945960828219399,0.6245329174626345,0.9770734964763,2.93292,0.75717,0.94351,0.78229,1.20143,0.70947,0.83492,0.84217,0.79834,0.81326,0.29052999999999995,0.16508,0.15783000000000003,0.20165999999999995,0.18674000000000002,114.0,123.0,132.0,118.0,119.0,0.70947,0.01562,0.030211897472837486,GINI optimization for all,
16,0.592177076309543,-0.25070598506061287,0.836990427903253,0.8249439850970504,2.4813170583471997,0.8988281926019023,0.9223243795105165,1.407938436265718,0.2891182215857109,16.0,2.0098668172612317,0.47145024108596795,1.8211525721124189,0.2891182215857109,1.407938436265718,1.4540838517114878,0.44795056102586595,0.5769160581299877,0.4901693942560261,0.7216549750107507,2.93292,0.75717,0.94351,0.78229,1.20143,0.49578,0.59161,0.61146,0.62658,0.60066,0.50422,0.40839000000000003,0.38854,0.37342,0.39934000000000003,79.0,87.0,95.0,93.0,88.0,0.49578,0.08533,0.038474551363765305,GINI optimization for all,
17,0.45028655075354074,-0.9862172812741182,0.7090451965277038,0.9872915202559273,0.3561796232259713,1.4224255945364623,1.228993999543576,2.4692312975931143,0.3787515415210938,17.0,0.2885054948130368,0.06767412841293455,2.6514195940800382,0.3787515415210938,2.4692312975931143,0.4461596410105445,0.6819502434537958,0.8218626027373035,0.6310367324885007,1.0710401574563637,2.93292,0.75717,0.94351,0.78229,1.20143,0.15212,0.90066,0.87107,0.80665,0.89147,0.84788,0.09933999999999998,0.12893,0.19335000000000002,0.10853000000000002,24.0,132.0,136.0,119.0,131.0,0.15212,0.00566,0.1747005082869267,GINI optimization for all,
18,0.904588704900598,-0.2695726364585838,0.5130245187455268,0.6869138822107518,1.264879157759009,0.9827586624917948,0.2389274712463132,1.1945804350428442,0.6220587773109352,18.0,1.0245521177847974,0.24032703997421173,1.221686133738108,0.6220587773109352,1.1945804350428442,1.1330034027621894,0.32049990936249045,0.38511657351758416,0.3243964524157264,0.4926241943143258,2.93292,0.75717,0.94351,0.78229,1.20143,0.38631,0.42329,0.40817,0.41468,0.41003,0.6136900000000001,0.5767100000000001,0.5918300000000001,0.5853200000000001,0.58997,62.0,62.0,64.0,61.0,60.0,0.38631,0.19068,0.0157592730406173,GINI optimization for all,
19,0.04188471238334561,0.02435335730015098,0.05870861330991475,0.12445233145437964,3.77360589491729,0.402373359889793,0.16599573090619102,1.551662531785812,0.2254899507729186,19.0,3.056620774883005,0.716985120034285,0.568369090795984,0.2254899507729186,1.551662531785812,1.6532250504559378,0.4175878228156272,0.5229643281119815,0.43187651156163015,0.7439594868215046,2.93292,0.75717,0.94351,0.78229,1.20143,0.56368,0.55151,0.55428,0.55207,0.61923,0.43632000000000004,0.44849000000000006,0.44572,0.44793000000000005,0.38077000000000005,90.0,81.0,87.0,82.0,91.0,0.55151,0.11532,0.020705653748807545,GINI optimization for all,
20,-0.9963179239823519,0.4226229102183759,0.33376005724375735,-0.9568071178118671,7.604339612056788,1.0075375454992594,0.07045417580483901,0.25920754772744076,0.24678314836928916,20.0,6.159515085765999,1.4448245262907897,1.0779917213040984,0.24678314836928916,0.25920754772744076,2.629008994435551,0.5986915345008381,0.7431038311663968,0.6250433596419726,0.9702868904839683,2.93292,0.75717,0.94351,0.78229,1.20143,0.89638,0.7907,0.7876,0.79899,0.80761,0.10362000000000005,0.20930000000000004,0.21240000000000003,0.20101000000000002,0.19238999999999995,144.0,116.0,123.0,118.0,118.0,0.7876,0.02473,0.02298004547592913,GINI optimization for all,
21,0.3813906785091654,-0.4333312905168244,0.6439459255017489,0.488840149297181,2.3039228981953546,0.9656960897500679,0.9130813274883701,1.3643882545646813,0.47717323119999044,21.0,1.8661775475382374,0.4377453506571174,1.878777417238438,0.47717323119999044,1.3643882545646813,1.2406357492193982,0.5462824033081634,0.6128612314019716,0.511402940880369,0.7925635995972625,2.93292,0.75717,0.94351,0.78229,1.20143,0.423,0.72148,0.64955,0.65373,0.65968,0.577,0.27852,0.35045000000000004,0.34626999999999997,0.34031999999999996,68.0,106.0,101.0,97.0,97.0,0.423,0.04447,0.07814664160852665,GINI optimization for all,
22,-0.6704258246386867,0.3827796477558353,0.10582315202873484,-0.7954062741788851,6.4239703260751,0.09260391955843048,0.5244358367418921,0.3249674168273529,0.3398232394978143,22.0,5.203415964120832,1.220554361954269,0.6170397563003226,0.3398232394978143,0.3249674168273529,2.3322323702585708,0.48901834076006256,0.5952680190937162,0.5058662265313806,0.7505576073664209,2.93292,0.75717,0.94351,0.78229,1.20143,0.79519,0.64585,0.63091,0.64665,0.62472,0.20481000000000005,0.35414999999999996,0.36909000000000003,0.35335000000000005,0.37527999999999995,127.0,95.0,99.0,96.0,92.0,0.62472,0.07191,0.042673749446657784,GINI optimization for all,
23,0.4807832850722229,-0.4394006597668947,0.2919762645535121,0.953394948306273,2.992753825562638,0.11373402678277693,1.3167097978735178,2.7195474835733284,0.1873404936158061,23.0,2.424130598705737,0.5686232268569011,1.4304438246562947,0.1873404936158061,2.7195474835733284,1.6020496485844489,0.6293431694834783,0.7428494640609984,0.6316454604094548,0.9488884297323831,2.93292,0.75717,0.94351,0.78229,1.20143,0.54623,0.83118,0.78733,0.80743,0.7898,0.45377,0.16881999999999997,0.21267000000000003,0.19257000000000002,0.21020000000000005,88.0,122.0,123.0,119.0,116.0,0.54623,0.01634,0.06273308931224865,GINI optimization for all,
24,-0.028304948967917493,0.028496400449299013,-0.05650319314652276,0.2578092561934853,6.057044538627732,0.7280202011554269,0.09445537732304156,2.5072449879167578,0.21399330125857596,24.0,4.906206076288464,1.1508384623392691,0.8224755784784684,0.21399330125857596,2.5072449879167578,2.5915071675132646,0.6771591901920438,0.8783780714566969,0.7038235575826041,1.066870116802791,2.93292,0.75717,0.94351,0.78229,1.20143,0.88359,0.89433,0.93097,0.8997,0.888,0.11641000000000001,0.10567000000000004,0.06903000000000004,0.10029999999999994,0.11199999999999999,142.0,131.0,145.0,133.0,130.0,0.88359,0.00424,0.009470287484516043,GINI optimization for all,
25,-0.9992819693313674,0.45688445061035476,0.09616777534928189,-0.8531487876492758,6.956804704579658,0.009594198047858172,0.5621792554868306,0.4014202691928967,0.06810957118530475,25.0,5.635011810709523,1.3217928938701349,0.5717734535346888,0.06810957118530475,0.4014202691928967,2.3480676027596488,0.5020489114477659,0.6322875265764933,0.5501410241232527,0.8205758424298613,2.93292,0.75717,0.94351,0.78229,1.20143,0.80059,0.66306,0.67014,0.70324,0.683,0.19940999999999998,0.33694,0.32986000000000004,0.29676,0.31699999999999995,128.0,97.0,105.0,104.0,100.0,0.66306,0.05389,0.0350178833703122,GINI optimization for all,
26,-0.9080970752008842,0.2636754576988786,-0.5441621839811704,-0.7642254401218306,9.342021161941688,0.1698996077593477,0.2129164825739102,2.3136902018609815,0.4159911718707002,26.0,7.567037141172768,1.7749840207689207,0.3828160903332579,0.4159911718707002,2.3136902018609815,3.4350979787376907,0.9015887930505414,1.057286519940414,0.9239740730420883,1.3160820488349467,2.93292,0.75717,0.94351,0.78229,1.20143,1.17122,1.19073,1.12059,1.18111,1.09543,0.17121999999999993,0.19073000000000007,0.12058999999999997,0.1811100000000001,0.0954299999999999,188.0,175.0,175.0,175.0,160.0,1.09543,0.01295,0.017441674711933187,GINI optimization for all,
27,0.5220732200561486,-0.05900557901679987,0.7119769955297525,0.9529896266833638,5.690607800554372,0.953223653795612,0.7799945826954521,2.3780555628765625,0.12075898335697044,27.0,4.609392318449042,1.0812154821053308,1.733218236491064,0.12075898335697044,2.3780555628765625,2.791359930758649,0.6919483852935923,0.8557389736775421,0.7183745108446673,1.0490159601285698,2.93292,0.75717,0.94351,0.78229,1.20143,0.95173,0.91386,0.90697,0.9183,0.87314,0.048270000000000035,0.08614,0.09302999999999995,0.0817,0.12685999999999997,153.0,134.0,142.0,136.0,128.0,0.87314,0.00409,0.014768624014022772,GINI optimization for all,
28,0.284217062447656,-0.4872162290099163,0.7723181979646786,0.30793902476740675,1.502086220098085,0.6715528111633967,1.4696037707261655,1.0234310047172193,0.6489999554325919,28.0,1.2166898382794489,0.28539638181863614,2.1411565818895624,0.6489999554325919,1.0234310047172193,0.8319714169621121,0.4892126616658112,0.6086778068319922,0.5093030324969549,0.8207259819698569,2.93292,0.75717,0.94351,0.78229,1.20143,0.28367,0.64611,0.64512,0.65104,0.68312,0.71633,0.35389000000000004,0.35488,0.34896000000000005,0.31688000000000005,45.0,95.0,101.0,96.0,100.0,0.28367,0.0718,0.11066392580421164,GINI optimization for all,
29,-0.3332266384310896,0.09657890736362429,-0.26873789836422257,-0.6298776963415249,5.2958052680889836,0.47513024263610193,0.0012276394537555947,1.2604897783421483,0.7026377845744716,29.0,4.289602267152077,1.006203000936907,0.4763578820898575,0.7026377845744716,1.2604897783421483,2.0652995070540103,0.5454734242800044,0.6892779346308986,0.5594754687111447,0.8738091863047157,2.93292,0.75717,0.94351,0.78229,1.20143,0.70418,0.72041,0.73055,0.71518,0.72731,0.29581999999999997,0.27959,0.26944999999999997,0.28481999999999996,0.27269,113.0,106.0,114.0,106.0,107.0,0.70418,0.04482,0.007212526024076958,GINI optimization for all,
30,0.7424594362362625,-0.5569341995762422,0.48288985571684095,0.9569691083446319,2.8460760197410155,0.7636942016239396,1.1921840513782251,2.7987203954838984,0.5925491772108616,30.0,2.305321575990223,0.540754443750793,1.9558782530021648,0.5925491772108616,2.7987203954838984,1.7089374991173296,0.6888932909719118,0.8702764194122112,0.7012386567580272,1.1107997263022724,2.93292,0.75717,0.94351,0.78229,1.20143,0.58267,0.90983,0.92238,0.89639,0.92456,0.41733,0.09016999999999997,0.07762000000000002,0.10360999999999998,0.07543999999999995,93.0,134.0,144.0,132.0,135.0,0.58267,0.00466,0.06702535276439328,GINI optimization for all,
31,0.8155137152128442,-0.7586439740233525,0.39681775525506263,0.9755218782192069,2.6648116915824662,1.1489846831711357,1.0548539039239029,3.329057470155864,0.746191865522352,31.0,2.1584974701817976,0.5063142214006686,2.2038385870950385,0.746191865522352,3.329057470155864,1.6783182291262577,0.7991855299518833,1.0139477729882433,0.7549334422614113,1.3116744574423294,2.93292,0.75717,0.94351,0.78229,1.20143,0.57223,1.05549,1.07466,0.96503,1.09176,0.42777,0.05549000000000004,0.07465999999999995,0.034969999999999946,0.09176000000000006,92.0,155.0,168.0,143.0,160.0,0.57223,0.00075,0.09654540602668112,GINI optimization for all,
32,-0.7034451765605494,0.31106494433915155,0.5621786962180125,-0.9389340769732852,7.7264086533888685,1.1737584097112315,0.39320963652735264,0.13150211258878677,0.7172966834618644,32.0,6.258391009244984,1.468017644143885,1.5669680462385842,0.7172966834618644,0.13150211258878677,2.871974316513605,0.68522445206453,0.8011035198665069,0.736231271158704,1.0423948736568585,2.93292,0.75717,0.94351,0.78229,1.20143,0.97922,0.90498,0.84907,0.94112,0.86763,0.02078000000000002,0.09502,0.15093,0.05888000000000004,0.13237,157.0,133.0,133.0,139.0,127.0,0.84907,0.00212,0.029395731414656907,GINI optimization for all,
33,-0.8384634850098511,0.24342246857141975,0.1554521721963305,-0.5853932966104383,9.255485278012074,0.9140874208587597,0.4111792959227265,1.8594743046336626,0.31370251903004304,33.0,7.4969430751897805,1.7585422028222941,1.3252667167814862,0.31370251903004304,1.8594743046336626,3.4430725730215523,0.904814157034654,1.1000360825405926,0.9221302118477835,1.4243030271736665,2.93292,0.75717,0.94351,0.78229,1.20143,1.17394,1.19499,1.1659,1.17876,1.18551,0.17393999999999998,0.19499,0.16589999999999994,0.17876000000000003,0.18551000000000006,188.0,176.0,182.0,174.0,174.0,1.1659,0.01956,0.00472953501381568,GINI optimization for all,
34,0.5093732473957147,-0.19212721203878785,0.7828244217398095,0.6710157528460355,4.387337639452077,0.7476072411873275,1.1765615244767662,1.7746923780637673,0.40704616538392113,34.0,3.5537434879561824,0.8335941514958946,1.9241687656640938,0.40704616538392113,1.7746923780637673,2.2215419966603855,0.6287903524044803,0.760151466036146,0.6319865890484593,0.9724446704592831,2.93292,0.75717,0.94351,0.78229,1.20143,0.75745,0.83045,0.80566,0.80787,0.80941,0.24255000000000004,0.16954999999999998,0.19433999999999996,0.19213000000000002,0.19059000000000004,121.0,122.0,126.0,119.0,119.0,0.75745,0.01648,0.014934527430662908,GINI optimization for all,
35,-0.11984599720036457,-0.2210381428923982,0.9947870225502535,0.045275702751016444,2.5408112364968236,1.2846495402208196,0.8841130819406636,0.07443808615375828,0.29556277234826517,35.0,2.058057101562427,0.4827541349343965,2.1687626221614833,0.29556277234826517,0.07443808615375828,1.0169041575669118,0.4354996674479015,0.5304075987588817,0.43625595812026124,0.6549224675494596,2.93292,0.75717,0.94351,0.78229,1.20143,0.34672,0.57517,0.56216,0.55767,0.54512,0.6532800000000001,0.42483000000000004,0.43784,0.44233,0.45487999999999995,56.0,84.0,88.0,82.0,80.0,0.34672,0.10347,0.07328477988588392,GINI optimization for all,
36,0.025794773546452543,0.01925073584469425,0.8163370039554063,0.2002244620976855,6.791194267660543,1.26340737043189,0.8516373193325193,1.693459065775424,0.4462183228386926,36.0,5.50086735680504,1.290326910855503,2.1150446897644093,0.4462183228386926,1.693459065775424,2.9430080019312035,0.7674896393131003,0.9805881192414277,0.8041661596320092,1.2590568985556587,2.93292,0.75717,0.94351,0.78229,1.20143,1.00344,1.01363,1.0393,1.02796,1.04797,0.0034400000000001096,0.013630000000000031,0.03929999999999989,0.027959999999999985,0.04797000000000007,161.0,149.0,162.0,152.0,154.0,1.00344,0.0001,0.008941799972721763,GINI optimization for all,
37,0.7399331592573487,-0.27823167046674635,0.8511297743292106,0.7997312417074017,0.27740418407732936,0.7142453075058772,0.7894905490293899,0.5644644458884034,0.25288240120244837,37.0,0.22469738910263679,0.05270679497469258,1.503735856535267,0.25288240120244837,0.5644644458884034,0.6004865766243154,0.2127118433655868,0.24830376412368932,0.215373751521469,0.3195925202695963,2.93292,0.75717,0.94351,0.78229,1.20143,0.20474,0.28093,0.26317,0.27531,0.26601,0.79526,0.71907,0.73683,0.7246900000000001,0.7339899999999999,33.0,41.0,41.0,41.0,39.0,0.20474,0.29643,0.05100762696099708,GINI optimization for all,
38,-0.23557202618236078,0.10252944239979431,0.8346129668755924,0.39458240749703877,8.788321936069574,1.1567374357798101,1.140044253745997,2.412382181840135,0.030872211012053143,38.0,7.118540768216355,1.669781167853219,2.2967816895258073,0.030872211012053143,2.412382181840135,3.633657130041837,0.9427385784074047,1.2261599240482994,0.9760025491387321,1.5090976297890082,2.93292,0.75717,0.94351,0.78229,1.20143,1.23892,1.24508,1.29957,1.24762,1.25608,0.23892000000000002,0.24507999999999996,0.2995699999999999,0.24761999999999995,0.2560800000000001,199.0,183.0,203.0,184.0,184.0,1.23892,0.03444,0.008417007699685229,GINI optimization for all,
39,0.0543016020079434,-0.012565835159601302,-0.13234172257682408,0.13650758034351432,7.961221523453253,0.5040316460357338,0.5396642620903942,3.309399066535609,0.6434176340945605,39.0,6.448589433997135,1.512632089456118,1.0436959081261281,0.6434176340945605,3.309399066535609,3.4656876766142792,0.9225538909299643,1.1389903819330687,0.953182711135398,1.5031132798353337,2.93292,0.75717,0.94351,0.78229,1.20143,1.18165,1.21842,1.20718,1.21845,1.2511,0.1816500000000001,0.21842000000000006,0.20717999999999992,0.21845000000000003,0.2511000000000001,189.0,179.0,189.0,180.0,183.0,1.18165,0.02735,0.009884807793575576,GINI optimization for all,
40,-0.8920730856708559,0.2434171526219933,0.14595048404841426,-0.6367295153501943,9.999350034415798,0.05332051230555467,1.4479220786248086,2.0404972337052856,0.43082570293682565,40.0,8.099473527876796,1.8998765065390015,1.5012425909303633,0.43082570293682565,2.0404972337052856,3.7287484322032842,0.9902541989985307,1.236119121171918,1.0404697318840928,1.5432740970976755,2.93292,0.75717,0.94351,0.78229,1.20143,1.27134,1.30784,1.31013,1.33003,1.28453,0.2713399999999999,0.3078399999999999,0.31013,0.33003000000000005,0.28452999999999995,204.0,192.0,205.0,197.0,188.0,1.27134,0.05433,0.008793533696091732,GINI optimization for all,
41,-0.202417722273781,-0.5027322623542008,0.9922571894676109,0.10442617866600984,2.105532409584683,1.3308108151510778,1.2754255216245536,0.5085781591199919,0.3547081674934752,41.0,1.705481251763593,0.40005115782108974,2.6062363367756314,0.3547081674934752,0.5085781591199919,0.7756762872102033,0.5686068954330793,0.6698418825822904,0.5441967489321607,0.8349392836948765,2.93292,0.75717,0.94351,0.78229,1.20143,0.26447,0.75096,0.70995,0.69565,0.69495,0.73553,0.24904000000000004,0.29005000000000003,0.30435,0.30505000000000004,42.0,110.0,111.0,103.0,102.0,0.26447,0.03556,0.12682751493912028,GINI optimization for all,
42,0.8365459340085106,-0.40033552937379246,0.6079112592268877,0.999331541786955,3.395887874965208,0.41811811180246927,1.4246146204998802,2.6322477990110347,0.5498409775045014,42.0,2.7506691787218185,0.6452186962433896,1.8427327323023495,0.5498409775045014,2.6322477990110347,2.0070008334183904,0.6502527959720941,0.8007637379577627,0.6719422795690841,1.0801264504345507,2.93292,0.75717,0.94351,0.78229,1.20143,0.6843,0.85879,0.84871,0.85894,0.89903,0.3157,0.14120999999999995,0.15129000000000004,0.14105999999999996,0.10097,110.0,126.0,133.0,127.0,132.0,0.6843,0.01143,0.04238210792405362,GINI optimization for all,
43,-0.3952987375873025,0.20896627616381142,-0.3947887382626931,-0.3586810342227276,5.413738969962207,0.08025540455036498,0.026275202856029835,1.6195753822345482,0.32288707692248003,43.0,4.385128565669388,1.0286104042928192,0.1065306074063948,0.32288707692248003,1.6195753822345482,2.0757688123617406,0.48596690988853186,0.6673833112448849,0.5581384513093193,0.7976547111669383,2.93292,0.75717,0.94351,0.78229,1.20143,0.70775,0.64182,0.70734,0.71347,0.66392,0.29225,0.35818000000000005,0.29266000000000003,0.28652999999999995,0.33608000000000005,113.0,94.0,110.0,105.0,97.0,0.64182,0.05024,0.02179541682438928,GINI optimization for all,
44,0.3465150389914122,-0.14831759527851995,0.5663373872558264,0.9919016137068211,6.319353616385413,0.302893466163786,1.4909338538823296,3.1189400369806206,0.051984375117382756,44.0,5.118676429272186,1.2006771871132285,1.7938273200461157,0.051984375117382756,3.1189400369806206,2.9481658886600495,0.8222157965409845,1.0253050811280324,0.862780836983626,1.304685851556028,2.93292,0.75717,0.94351,0.78229,1.20143,1.0052,1.08591,1.08669,1.10289,1.08594,0.0052000000000000934,0.08590999999999993,0.08668999999999993,0.10288999999999993,0.0859399999999999,161.0,160.0,170.0,163.0,159.0,1.0052,0.00023,0.014620721011137316,GINI optimization for all,
45,-0.7098453138835941,0.23113765921653628,0.32837458422860677,-0.2391577482935261,8.967849986732956,1.199509884967671,0.2609167542577462,1.956494096536379,0.06413850535145943,45.0,7.263958489253695,1.7038914974792616,1.4604266392254173,0.06413850535145943,1.956494096536379,3.4027359039190594,0.879762931735465,1.0739681347036483,0.8970806161839373,1.3608385230833306,2.93292,0.75717,0.94351,0.78229,1.20143,1.16019,1.16191,1.13827,1.14674,1.13268,0.16019000000000005,0.16191,0.1382699999999999,0.1467400000000001,0.1326799999999999,186.0,171.0,178.0,169.0,166.0,1.13268,0.01318,0.005601598664759536,GINI optimization for all,
46,0.14720428870708244,-0.29669822603035934,0.17248178239579043,0.7770404820771776,4.869604791687397,0.25244594455131375,1.0738029886770954,3.1439710015383513,0.029388662833447085,46.0,3.944379881266792,0.9252249104206055,1.3262489332284093,0.029388662833447085,3.1439710015383513,2.193935109298286,0.7521523052689896,0.9054667048595618,0.7541559119804722,1.2010301429870425,2.93292,0.75717,0.94351,0.78229,1.20143,0.74804,0.99337,0.95968,0.96404,0.99967,0.25195999999999996,0.006630000000000025,0.04032000000000002,0.03595999999999999,0.0003300000000000525,120.0,146.0,150.0,142.0,146.0,0.74804,0.0,0.046042702795403866,GINI optimization for all,
47,-0.03396816628913532,0.08020743162125744,0.41621426658195176,0.30001292267273816,6.291550442398022,0.2393935827402003,1.0911634897358113,2.002730947423002,0.15958681766759641,47.0,5.0961558583423985,1.1953945840556242,1.3305570724760116,0.15958681766759641,2.002730947423002,2.6888717623158844,0.6704811955078073,0.8462723307522879,0.7092685873859365,1.090915463884451,2.93292,0.75717,0.94351,0.78229,1.20143,0.91679,0.88551,0.89694,0.90666,0.90801,0.08321,0.11448999999999998,0.10306000000000004,0.09333999999999998,0.09199000000000002,147.0,130.0,140.0,134.0,133.0,0.88551,0.00533,0.006524720253616043,GINI optimization for all,
48,0.3202036937605577,-0.44811756399132746,-0.038591116455489405,0.7679429729107207,1.6186740056824918,0.8534075005031175,0.047309522353781004,2.583581306159518,0.13483029398660767,48.0,1.3111259446028185,0.3075480610796734,0.9007170228568986,0.13483029398660767,2.583581306159518,0.9055989584352779,0.4771892195170254,0.6141568192194378,0.5012310771640724,0.7856285641348391,2.93292,0.75717,0.94351,0.78229,1.20143,0.30877,0.63023,0.65093,0.64072,0.65391,0.69123,0.36977000000000004,0.34907,0.35928000000000004,0.34609,49.0,93.0,102.0,95.0,96.0,0.30877,0.07839,0.09859111961616333,GINI optimization for all,
49,0.9650008677562032,-0.36753032954829434,0.5117953662866659,0.9886344405189972,3.2200977234095847,1.1342816474230666,0.5024389635557074,2.4435201360661183,0.5579840482996078,49.0,2.608279155961764,0.6118185674478211,1.636720610978774,0.5579840482996078,2.4435201360661183,2.0147507438469523,0.6087390382285992,0.73549352473254,0.5736335112352549,0.9289193107345066,2.93292,0.75717,0.94351,0.78229,1.20143,0.68694,0.80397,0.77953,0.73327,0.77318,0.31306,0.19603000000000004,0.22047000000000005,0.26673,0.22682000000000002,110.0,118.0,122.0,108.0,113.0,0.68694,0.02203,0.02968791783716231,GINI optimization for all,
50,0.4982474115034661,-0.28241769676625683,0.8877718082427608,0.9311682502369449,4.764869719833948,1.352530499150317,0.8696472367003882,2.309451959328058,0.21872656802611476,50.0,3.859544473065498,0.9053252467684502,2.222177735850705,0.21872656802611476,2.309451959328058,2.376984095369175,0.7308406145695951,0.8829120177785375,0.7236129870959837,1.1426844560831058,2.93292,0.75717,0.94351,0.78229,1.20143,0.81045,0.96523,0.93577,0.92499,0.9511,0.18955,0.03476999999999997,0.06423000000000001,0.07501000000000002,0.048900000000000055,130.0,142.0,146.0,137.0,139.0,0.81045,0.00069,0.02926797368524307,GINI optimization for all,
51,-0.07860753297066914,0.0702089124686108,-0.18589578458180822,-0.08325317998461815,5.079964692581711,0.19971444791946222,0.25229004128477334,1.82483061614461,0.3976966088143067,51.0,4.114771400991186,0.965193291590525,0.4520044892042355,0.3976966088143067,1.82483061614461,2.1377988980403364,0.5378235516618753,0.6769327469055321,0.5595962449069621,0.8584714293971438,2.93292,0.75717,0.94351,0.78229,1.20143,0.7289,0.71031,0.71746,0.71533,0.71454,0.2711,0.28969,0.28254,0.28467,0.28546000000000005,117.0,104.0,112.0,106.0,105.0,0.71031,0.04811,0.004472276901972377,GINI optimization for all,
52,-0.07204666664323957,-0.07358935410630196,0.09338685851337858,-0.3737690874463018,1.9512725381053646,0.5143574789431351,0.183877033948777,0.18360178943468006,0.5756712852082421,52.0,1.5805307558653454,0.3707417822400193,0.6982345128919121,0.5756712852082421,0.18360178943468006,0.7939488075720234,0.27194648753318795,0.33741645746687693,0.26891224267951486,0.396737472117175,2.93292,0.75717,0.94351,0.78229,1.20143,0.2707,0.35916,0.35762,0.34375,0.33022,0.7293000000000001,0.6408400000000001,0.64238,0.65625,0.66978,43.0,53.0,56.0,51.0,48.0,0.2707,0.23544,0.0491907671010262,GINI optimization for all,
53,-0.5871650664678121,0.15915325231418376,0.07349944617164139,-0.45172369078417707,7.307730076299034,0.03080043871521675,1.038556028917028,1.4848734810685418,0.26808815927502616,53.0,5.919261361802218,1.3884687144968164,1.0693564676322447,0.26808815927502616,1.4848734810685418,2.7671529808202298,0.7358797239091062,0.8951345112152549,0.69878276091514,1.0942258939230327,2.93292,0.75717,0.94351,0.78229,1.20143,0.94348,0.97188,0.94873,0.89325,0.91077,0.056520000000000015,0.028120000000000034,0.05127000000000004,0.10675000000000001,0.08923000000000003,151.0,143.0,148.0,132.0,133.0,0.89325,0.00045,0.016727969135260305,GINI optimization for all,
54,0.7435773349373773,-0.4289589975294597,0.006706264855203398,0.8283264890826326,3.504052585872269,0.4529159504947416,0.7283887403288057,3.085183568543858,0.6040937715150005,54.0,2.838282594556538,0.6657699913157311,1.1813046908235474,0.6040937715150005,3.085183568543858,1.9931780767095915,0.6812813081445083,0.831990128963505,0.6662580408754353,1.0301349235039072,2.93292,0.75717,0.94351,0.78229,1.20143,0.67959,0.89977,0.8818,0.85168,0.85742,0.32041,0.10023000000000004,0.11819999999999997,0.14832,0.14258000000000004,109.0,132.0,138.0,126.0,126.0,0.67959,0.00576,0.045127162335202115,GINI optimization for all,
55,-0.45767827864270955,0.2053883504306908,0.40208548681379314,-0.6753307663946349,5.749118616611556,0.6154308577898351,0.6147497588238066,0.30668895315396055,0.5876981717649002,55.0,4.656786079455361,1.0923325371561956,1.2301806166136418,0.5876981717649002,0.30668895315396055,2.179733041709312,0.5268125909309712,0.6556606080039448,0.5555796463878241,0.8558118638345362,2.93292,0.75717,0.94351,0.78229,1.20143,0.7432,0.69577,0.69492,0.7102,0.71233,0.25680000000000003,0.30423,0.30508,0.28979999999999995,0.28767,119.0,102.0,109.0,105.0,104.0,0.69492,0.0514,0.012722906743298035,GINI optimization for all,
56,-0.41448148829627646,0.15718980389832649,0.8904757208531158,-0.19012752941979788,8.862748963035974,0.9173108941333037,1.3932235005485025,1.4803202053428013,0.4384827171716883,56.0,7.17882666005914,1.683922302976835,2.310534394681806,0.4384827171716883,1.4803202053428013,3.54943566269248,0.9157576596155846,1.1125238222591027,0.9508891243901428,1.452914456786194,2.93292,0.75717,0.94351,0.78229,1.20143,1.21021,1.20945,1.17913,1.21552,1.20932,0.21021,0.20944999999999991,0.17913,0.21551999999999993,0.20931999999999995,194.0,178.0,184.0,180.0,177.0,1.17913,0.02515,0.0048920667438073,GINI optimization for all,
57,0.36353206877431843,-0.35137577015498733,0.07507094777109757,0.9119559521813057,4.078088823976244,0.44826392404887533,0.7584516542432955,3.2751371019420747,0.08176241130946894,57.0,3.303251947420758,0.7748368765554864,1.2067155782921708,0.08176241130946894,3.2751371019420747,1.9934937506532533,0.6967831424785333,0.8780370236781317,0.6880955804422644,1.1165192578179968,2.93292,0.75717,0.94351,0.78229,1.20143,0.6797,0.92025,0.93061,0.87959,0.92933,0.32030000000000003,0.07974999999999999,0.06938999999999995,0.12041000000000002,0.07067000000000001,109.0,135.0,145.0,130.0,136.0,0.6797,0.00365,0.05084111460359307,GINI optimization for all,
58,0.9203014601067101,-0.3307016899223175,0.727821677155486,0.9998259642962255,4.676233763317326,0.8304856397481752,1.2385436631250113,2.765445461021525,0.6582668738292223,58.0,3.787749348287034,0.8884844150302919,2.0690293028731865,0.6582668738292223,2.765445461021525,2.6131270923841323,0.7520449273353178,0.9221959349190674,0.7603273816709712,1.2252780620964325,2.93292,0.75717,0.94351,0.78229,1.20143,0.89096,0.99323,0.97741,0.97193,1.01985,0.10904000000000003,0.006770000000000054,0.02259,0.02807000000000004,0.019849999999999923,143.0,146.0,153.0,144.0,149.0,0.89096,3e-05,0.02300087773881294,GINI optimization for all,
59,-0.9857294164010894,0.410775169102515,-0.012547675923973378,-0.9866282520322844,9.539726347236943,0.1571534603632364,0.7199687468140998,1.0593865531899063,0.34535710228966343,59.0,7.727178341261925,1.8125480059750192,0.8771222071773362,0.34535710228966343,1.0593865531899063,3.4698256697569847,0.8286814096952643,0.943100475420605,0.7824856672404336,1.1702613569376847,2.93292,0.75717,0.94351,0.78229,1.20143,1.18306,1.09445,0.99957,1.00025,0.97406,0.18306,0.09444999999999992,0.00043000000000004146,0.0002500000000000835,0.025939999999999963,190.0,161.0,156.0,148.0,143.0,0.97406,0.0,0.03906622817958672,GINI optimization for all,
60,0.20145417955673162,-0.11094585359849948,0.521375746144481,0.38154655694300943,4.515659949966493,0.8770775874881166,0.6873877327605666,1.6334191270010363,0.23998715708552992,60.0,3.6576845594728598,0.8579753904936337,1.5644653202486833,0.23998715708552992,1.6334191270010363,2.076687094969058,0.5907609283924262,0.7470547327675264,0.5486951683544582,0.919032470370482,2.93292,0.75717,0.94351,0.78229,1.20143,0.70806,0.78022,0.79178,0.7014,0.76495,0.29194,0.21977999999999998,0.20821999999999996,0.2986,0.23504999999999998,113.0,115.0,124.0,104.0,112.0,0.7014,0.02769,0.027003985148448782,GINI optimization for all,
61,-0.8089031404408449,0.45829238734727906,0.5466371759280793,-0.9756162898393186,8.44026696296781,0.2936040423991103,1.1325329970190054,0.20765181040487965,0.5825155139110259,61.0,6.836616240003926,1.603650722963884,1.4261370394181156,0.5825155139110259,0.20765181040487965,3.111019333745939,0.6715168102559363,0.831670463103365,0.7423946966353554,1.0947442206240825,2.93292,0.75717,0.94351,0.78229,1.20143,1.06072,0.88688,0.88146,0.949,0.9112,0.06072000000000011,0.11312,0.11853999999999998,0.051000000000000045,0.08879999999999999,170.0,130.0,138.0,140.0,133.0,0.88146,0.00159,0.03588114116086548,GINI optimization for all,
62,0.6782854396508924,-0.21307959331818657,0.37390838301297846,0.5182683942000623,3.8305857841803976,0.865182797464058,0.4258095642219786,1.9064418790073376,0.6966555439729433,62.0,3.102774485186122,0.7278112989942755,1.2909923616860366,0.6966555439729433,1.9064418790073376,2.0914374509126894,0.5784636658988609,0.6467001422949057,0.5669762023711014,0.8727320253851156,2.93292,0.75717,0.94351,0.78229,1.20143,0.71309,0.76398,0.68542,0.72476,0.72641,0.28691,0.23602,0.31457999999999997,0.27524000000000004,0.27359,114.0,112.0,107.0,107.0,106.0,0.68542,0.03194,0.018866191063907498,GINI optimization for all,
63,-0.1827716378628259,0.041283726273703275,0.9958153857663162,0.05386219848627882,5.506156136705039,0.8010392927871814,1.3220782376459945,0.6655033226563482,0.30118333663491514,63.0,4.459986470731082,1.0461696659739574,2.123117530433176,0.30118333663491514,0.6655033226563482,2.2537328383592694,0.6055751410033501,0.7494944004219819,0.6680562824040894,0.9496797563187929,2.93292,0.75717,0.94351,0.78229,1.20143,0.76843,0.79979,0.79437,0.85398,0.79046,0.23157000000000005,0.20021,0.20562999999999998,0.14602000000000004,0.20953999999999995,123.0,117.0,124.0,126.0,116.0,0.76843,0.01305,0.018011345061055194,GINI optimization for all,
64,-0.0662199263590002,0.13864344451484834,0.5483496706393323,0.17076600261068486,4.189539400605556,0.5354155208964662,0.5531739440207274,0.7187028272626047,0.007125219220745525,64.0,3.3935269144905003,0.7960124861150556,1.0885894649171934,0.007125219220745525,0.7187028272626047,1.7621776252990164,0.3910713089218997,0.48517465210566746,0.4138576279807907,0.6098117176407614,2.93292,0.75717,0.94351,0.78229,1.20143,0.60083,0.51649,0.51422,0.52903,0.50757,0.39917,0.48351,0.48578,0.47097,0.49243000000000003,96.0,76.0,80.0,78.0,74.0,0.50757,0.13403,0.03018282398974566,GINI optimization for all,
65,-0.06862388376878652,0.1044312207863307,0.11930837094826292,-0.2014377474384242,4.6036798391871985,0.26113324691791706,0.48086674930758405,1.1633479259972355,0.49757742496575197,65.0,3.728980669741631,0.8746991694455677,0.7419999962255011,0.49757742496575197,1.1633479259972355,1.9390630326260465,0.4608753544187307,0.5901040804927,0.5000803228275545,0.7983023754319449,2.93292,0.75717,0.94351,0.78229,1.20143,0.66114,0.60868,0.62543,0.63925,0.66446,0.33886000000000005,0.39132,0.37456999999999996,0.36075,0.33553999999999995,106.0,89.0,98.0,94.0,97.0,0.60868,0.07964,0.018414734788806363,GINI optimization for all,
66,-0.8449730727481171,0.38904048071067815,-0.1650457117004323,-0.7431862227949201,10.122738663315777,0.015500139536403064,0.7960785565636037,2.2348100544792913,0.4647263100956347,66.0,8.19941831728578,1.9233203460299977,0.8115786961000068,0.4647263100956347,2.2348100544792913,3.812530070777067,0.9097708367131927,1.1412806539419837,0.9709268423665303,1.5088400298324178,2.93292,0.75717,0.94351,0.78229,1.20143,1.29991,1.20154,1.20961,1.24113,1.25587,0.2999099999999999,0.20154000000000005,0.20961000000000007,0.24113000000000007,0.25587000000000004,208.0,177.0,189.0,183.0,184.0,1.20154,0.02329,0.015657065170117536,GINI optimization for all,
67,-0.4611182905005903,0.14166070805462427,-0.32718799141387067,-0.24713344754140087,10.223148885914188,0.4239658577394976,0.5753303706776229,3.415014475367087,0.5025651618213867,67.0,8.280750597590494,1.9423982883236959,0.9992962284171205,0.5025651618213867,3.415014475367087,4.1053011990688555,1.0821003050561682,1.3527781065303923,1.087971624773488,1.6793768854940077,2.93292,0.75717,0.94351,0.78229,1.20143,1.39973,1.42914,1.43377,1.39075,1.39782,0.3997299999999999,0.4291400000000001,0.43377,0.39074999999999993,0.39782000000000006,224.0,210.0,224.0,205.0,205.0,1.39075,0.09344,0.0066575807556433645,GINI optimization for all,
68,0.7508070491722202,-0.921371956006239,0.1789135051807823,0.9817186927894668,0.7520806562709824,1.4717127245534045,0.4628634735260101,3.17594293900653,0.6819986721710212,68.0,0.6091853315794958,0.14289532469148666,1.9345761980794145,0.6819986721710212,3.17594293900653,0.8120868109489717,0.6852719951800591,0.8671383440382912,0.6478383278384542,1.088379698130666,2.93292,0.75717,0.94351,0.78229,1.20143,0.27689,0.90504,0.91906,0.82813,0.9059,0.7231099999999999,0.09496000000000004,0.08094000000000001,0.17186999999999997,0.09409999999999996,44.0,133.0,144.0,122.0,133.0,0.27689,0.00517,0.1420707062805409,GINI optimization for all,
69,0.7721818465916257,-0.1904826700527641,0.7303412114330043,0.4395394088360993,1.0579989523312818,1.0977790496150504,0.33375021485557854,0.462717363609896,0.7117008891989635,69.0,0.8569791513883384,0.20101980094294356,1.4315292644706288,0.7117008891989635,0.462717363609896,0.9577968296570972,0.24533020520430604,0.32697717467603205,0.28218619634831993,0.42361887503820556,2.93292,0.75717,0.94351,0.78229,1.20143,0.32657,0.32401,0.34655,0.36072,0.3526,0.67343,0.67599,0.65345,0.6392800000000001,0.6474,52.0,48.0,54.0,53.0,52.0,0.32401,0.2501,0.023257037621678488,GINI optimization for all,
70,0.47639912499424153,-0.6848559486722029,-0.10977603312615591,0.9363317294490776,1.4444313203160393,0.3834604012739258,0.816081795759949,3.2105774231135435,0.3345166740684258,70.0,1.169989369455992,0.27444195086004747,1.1995421970338747,0.3345166740684258,3.2105774231135435,0.9320469762220666,0.6110565259318306,0.7686963780068072,0.6277800577308206,0.9477927078446649,2.93292,0.75717,0.94351,0.78229,1.20143,0.31779,0.80703,0.81472,0.80249,0.78889,0.68221,0.19296999999999997,0.18528,0.19750999999999996,0.21111000000000002,51.0,119.0,127.0,119.0,116.0,0.31779,0.02135,0.11464434198452526,GINI optimization for all,
71,-0.8809318007295018,0.5355173397279314,0.2018826383442578,-0.5882168414559708,9.091997833900765,0.6382019700552588,0.14903442858538785,1.1171591359256228,0.03893219290486847,71.0,7.36451824545962,1.7274795884411454,0.7872363986406467,0.03893219290486847,1.1171591359256228,3.3450234553805234,0.696175140389517,0.8379776465479897,0.7625444564314621,1.0799643437844393,2.93292,0.75717,0.94351,0.78229,1.20143,1.14051,0.91944,0.88815,0.97476,0.8989,0.1405099999999999,0.08055999999999996,0.11185,0.02524000000000004,0.10109999999999997,183.0,135.0,139.0,144.0,132.0,0.88815,0.00039,0.04816332625431377,GINI optimization for all,
72,-0.45940896439400936,0.15257781492458317,0.8059944273484954,0.04766734179469001,8.629203154780907,0.8122949614866242,1.3679749815636377,1.8954693361239339,0.10014995308491467,72.0,6.989654555372535,1.6395485994083723,2.180269943050262,0.10014995308491467,1.8954693361239339,3.419600810419868,0.891931548641382,1.1396633961944518,0.9218108884788202,1.4539155590248078,2.93292,0.75717,0.94351,0.78229,1.20143,1.16594,1.17798,1.2079,1.17835,1.21015,0.16593999999999998,0.17798000000000003,0.20789999999999997,0.17835,0.21015000000000006,187.0,173.0,189.0,174.0,177.0,1.16594,0.01816,0.007968594284482999,GINI optimization for all,
73,0.15338298211113346,-0.39213872965898455,0.9097482158241709,0.6287922278356934,3.0079549122297107,0.9920186642278703,1.2936049671306151,1.5716801351484346,0.17857250726795942,73.0,2.4364434789060656,0.5715114333236451,2.2856236313584857,0.17857250726795942,1.5716801351484346,1.3957894114111076,0.6003688357224833,0.7397513881614499,0.6141345420812211,0.9794632207127668,2.93292,0.75717,0.94351,0.78229,1.20143,0.4759,0.79291,0.78404,0.78505,0.81525,0.5241,0.20709,0.21596000000000004,0.21494999999999997,0.18474999999999997,76.0,116.0,122.0,116.0,119.0,0.4759,0.02459,0.07528516485772553,GINI optimization for all,
74,0.7531803923216978,-0.3082647026755697,0.7550483001995782,0.9895249242955951,3.171199326833891,1.2470389158994672,0.617215517273588,2.0864443639958012,0.3739045880494729,74.0,2.568671454735452,0.6025278720984393,1.8642544331730553,0.3739045880494729,2.0864443639958012,1.8559977220701744,0.5646001554226269,0.7070261203037199,0.5931044733173948,0.9054174868834601,2.93292,0.75717,0.94351,0.78229,1.20143,0.63282,0.74567,0.74936,0.75816,0.75362,0.36717999999999995,0.25432999999999995,0.25064,0.24184000000000005,0.24638000000000004,101.0,110.0,117.0,112.0,110.0,0.63282,0.03579,0.028423768350079506,GINI optimization for all,
75,-0.33480514918793136,0.15308153400794633,0.8422412104331376,-0.19514768275330896,8.118568864169998,0.7653062670110041,1.3984449523112827,1.3018678296483084,0.483890158398688,75.0,6.576040779977698,1.5425280841922995,2.163751219322287,0.483890158398688,1.3018678296483084,3.28056730634478,0.8329552297890799,1.0292766402582283,0.8772392338995216,1.3343497702028828,2.93292,0.75717,0.94351,0.78229,1.20143,1.11853,1.10009,1.0909,1.12137,1.11063,0.11853000000000002,0.10009000000000001,0.09089999999999998,0.12136999999999998,0.11063,179.0,162.0,170.0,166.0,163.0,1.0909,0.00574,0.005729835857309908,GINI optimization for all,
76,-0.883729882304759,0.24702097794061273,0.18372003434471895,-0.8956721642898773,6.542839317893964,0.35046598583956856,0.6568646949193355,0.3663181209360331,0.3210485153449262,76.0,5.299699847494112,1.2431394703998533,1.007330680758904,0.3210485153449262,0.3663181209360331,2.244803907374874,0.590914174195313,0.6976983655777728,0.5755137067450722,0.8873282164270564,2.93292,0.75717,0.94351,0.78229,1.20143,0.76538,0.78042,0.73947,0.73568,0.73856,0.23462000000000005,0.21958,0.26053000000000004,0.26432,0.26144,123.0,115.0,115.0,109.0,108.0,0.73568,0.02764,0.012373952988554357,GINI optimization for all,
77,-0.8795720967164598,0.7153128105086808,0.434566147193289,-0.9908176243080649,9.205059192808708,0.5722579601048641,0.3604409386395374,0.0330653476228038,0.27941546184379307,77.0,7.456097946175054,1.7489612466336546,0.9326988987444015,0.27941546184379307,0.0330653476228038,3.3946240005815818,0.5922937467594016,0.7506003106369598,0.6378922482846643,0.9432635827206416,2.93292,0.75717,0.94351,0.78229,1.20143,1.15742,0.78225,0.79554,0.81542,0.78512,0.1574199999999999,0.21775,0.20445999999999998,0.18457999999999997,0.21487999999999996,185.0,115.0,124.0,120.0,115.0,0.78225,0.02085,0.07201891252955081,GINI optimization for all,
78,-0.19595290922505856,0.040941292722462386,0.3738443000237622,-0.3826921501799076,5.195138216259746,1.0452535086117851,0.3174859872543282,0.7547230332660497,0.6233114515012527,78.0,4.208061955170395,0.9870762610893518,1.3627394958661134,0.6233114515012527,0.7547230332660497,2.1111512466761555,0.5700757595589125,0.7055030648298072,0.5704754794723743,0.8743932704982725,2.93292,0.75717,0.94351,0.78229,1.20143,0.71981,0.7529,0.74774,0.72924,0.72779,0.28019000000000005,0.2471,0.25226000000000004,0.27076,0.27220999999999995,115.0,111.0,117.0,108.0,107.0,0.71981,0.035,0.009368371819833151,GINI optimization for all,
79,-0.924242936266847,0.2680387294273207,0.23480416982785624,-0.5715081042999457,8.298772552141665,0.2782238909197277,0.9985930865711017,1.448356247729534,0.08537870197910447,79.0,6.72200576723475,1.5767667849069165,1.2768169774908293,0.08537870197910447,1.448356247729534,2.975080279364747,0.7789303473484724,0.9817246388376977,0.7873319957005472,1.258419595781945,2.93292,0.75717,0.94351,0.78229,1.20143,1.01437,1.02874,1.0405,1.00645,1.04743,0.014369999999999994,0.028739999999999988,0.04049999999999998,0.006450000000000067,0.04743000000000008,163.0,151.0,163.0,149.0,153.0,1.00645,3e-05,0.008415782804443417,GINI optimization for all,
80,0.4875966622086482,-0.6208051324807947,-0.5364216823885612,0.7590894937092518,1.7301390614956906,0.5629158176856148,0.03133465851612246,3.375813753102059,0.4257181787922645,80.0,1.4014126398115094,0.3287264216841812,0.5942504762017373,0.4257181787922645,3.375813753102059,1.0624332983097518,0.602238458020604,0.7432309582072661,0.5793610312375699,0.8694553083591654,2.93292,0.75717,0.94351,0.78229,1.20143,0.36224,0.79538,0.78773,0.7406,0.72368,0.63776,0.20462000000000002,0.21226999999999996,0.25939999999999996,0.27632,58.0,117.0,123.0,109.0,106.0,0.36224,0.024,0.10914146109695189,GINI optimization for all,
81,-0.9985163118580513,0.3530610815558701,0.12716114921980484,-0.6450559291154109,9.499630569121955,0.550345862286838,0.6713889621225037,1.7354574528905646,0.10714148132089266,81.0,7.694700760988784,1.8049298081331715,1.2217348244093418,0.10714148132089266,1.7354574528905646,3.4442374141078607,0.8615903660051866,1.110983126249663,0.8752508143308997,1.3818180295334066,2.93292,0.75717,0.94351,0.78229,1.20143,1.17434,1.13791,1.1775,1.11883,1.15014,0.17433999999999994,0.13790999999999998,0.1775,0.11882999999999999,0.15013999999999994,188.0,167.0,184.0,165.0,168.0,1.11883,0.00864,0.010680845743498552,GINI optimization for all,
82,-0.6495690620945109,0.22830399282982353,-0.16230710659422531,-0.9213905132858102,5.940670391703098,0.36855164843645877,0.15404086084931745,0.7592711251153353,0.6134856727209843,82.0,4.81194301727951,1.1287273744235886,0.5225925092857762,0.6134856727209843,0.7592711251153353,2.1375413171105757,0.533918102499674,0.6685096327538771,0.5530970169854454,0.8783546747830053,2.93292,0.75717,0.94351,0.78229,1.20143,0.72881,0.70515,0.70853,0.70702,0.73109,0.27119000000000004,0.29484999999999995,0.29147,0.29298,0.26891,117.0,104.0,111.0,104.0,107.0,0.70515,0.04984,0.008229905602412992,GINI optimization for all,
83,0.06483299561666742,0.05658117945298659,0.7321115424431729,0.364769395039098,9.723962700534562,0.9397304997505997,1.4260622574371953,2.904318530519505,0.5251603734653774,83.0,7.876409787432996,1.8475529131015669,2.365792757187795,0.5251603734653774,2.904318530519505,4.232076397673691,1.0800679693254558,1.3685883947439366,1.1215290122615436,1.7112618907860377,2.93292,0.75717,0.94351,0.78229,1.20143,1.44296,1.42645,1.45053,1.43365,1.42435,0.44296,0.42645,0.4505300000000001,0.4336500000000001,0.42435,231.0,210.0,227.0,212.0,209.0,1.42435,0.10426,0.003837869918110222,GINI optimization for all,
84,-0.9796074115320383,0.38903844989782355,0.40922374201397926,-0.9329214930208722,8.266950642496989,0.12070350802420574,1.2714057575824678,0.6396067499557663,0.39339943000745464,84.0,6.696230020422561,1.5707206220744279,1.3921092656066736,0.39339943000745464,0.6396067499557663,2.92538170416816,0.6966256236104061,0.9115584886779827,0.7622152159026419,1.1966750250002272,2.93292,0.75717,0.94351,0.78229,1.20143,0.99743,0.92004,0.96614,0.97434,0.99604,0.002569999999999961,0.07996000000000003,0.03386,0.025660000000000016,0.0039599999999999635,160.0,135.0,151.0,144.0,146.0,0.92004,2e-05,0.01521881998108774,GINI optimization for all,
85,0.8286160556827423,-0.20249174529281153,0.737601119537378,0.9752859758824175,0.6119143808511177,1.2240076323822535,0.11921108572933381,0.8788838622029815,0.09336314175709479,85.0,0.4956506484894054,0.11626373236171236,1.3432187181115873,0.09336314175709479,0.8788838622029815,0.8022667551642066,0.20190106065298263,0.3151702550452189,0.1991534555720129,0.2910989615126359,2.93292,0.75717,0.94351,0.78229,1.20143,0.27354,0.26665,0.33404,0.25458,0.24229,0.72646,0.73335,0.66596,0.74542,0.75771,44.0,39.0,52.0,38.0,35.0,0.24229,0.30832,0.05906498431915981,GINI optimization for all,
86,-0.9249091978524451,0.4960762905741726,0.34567694097389856,-0.6315032325886614,9.78787277956626,0.6977599207796845,0.4742824893748432,1.2101357131731763,0.11724202970861632,86.0,7.9281769514486715,1.8596958281175895,1.1720424101545277,0.11724202970861632,1.2101357131731763,3.616282032488546,0.8017365392238708,0.963576856891103,0.852428404709656,1.2487059193944645,2.93292,0.75717,0.94351,0.78229,1.20143,1.233,1.05886,1.02127,1.08966,1.03935,0.2330000000000001,0.05885999999999991,0.0212699999999999,0.08966000000000007,0.039349999999999996,198.0,156.0,159.0,161.0,152.0,1.02127,0.0004,0.03482233092129202,GINI optimization for all,
87,0.1843475778720717,-0.020206338774135028,0.031013074649737266,0.5307459224741904,5.852116010995628,0.6883075372180889,0.20262510360139463,2.730642186752871,0.16656617665244264,87.0,4.740213968906459,1.1119020420891694,0.8909326408194835,0.16656617665244264,2.730642186752871,2.6414301485163265,0.6852789046460906,0.8602596469277339,0.7052016475100406,1.059609237597811,2.93292,0.75717,0.94351,0.78229,1.20143,0.90061,0.90505,0.91177,0.90146,0.88196,0.09938999999999998,0.09494999999999998,0.08823000000000003,0.09853999999999996,0.11804000000000003,144.0,133.0,142.0,133.0,129.0,0.88196,0.00517,0.005693146850039438,GINI optimization for all,
88,0.29185606768616634,-0.26472063573359156,0.9366623877362943,0.5341243339066574,8.03403193947341,1.4617740404861002,1.478626482020767,2.85491022393343,0.7323473712469679,88.0,6.507565870973463,1.5264660684999478,2.9404005225068675,0.7323473712469679,2.85491022393343,3.6514711847190506,1.094817151635053,1.3677114797113217,1.109351020153661,1.7090892185235131,2.93292,0.75717,0.94351,0.78229,1.20143,1.245,1.44593,1.4496,1.41808,1.42255,0.2450000000000001,0.44592999999999994,0.4496,0.41808,0.42255,200.0,212.0,226.0,210.0,208.0,1.245,0.10697,0.0250416836170493,GINI optimization for all,
89,0.7624176208583539,-0.2878809929388092,0.9975530719490987,0.6404186096520365,0.11165113733286795,1.1107929459291017,0.7352652179398138,0.05104714140238027,0.38483577277575554,89.0,0.09043742123962305,0.021213716093244912,1.8460581638689155,0.38483577277575554,0.05104714140238027,0.5436805441605599,0.19994633678859253,0.2870461462639287,0.16055781073379108,0.25801830118409724,2.93292,0.75717,0.94351,0.78229,1.20143,0.18537,0.26407,0.30423,0.20524,0.21476,0.81463,0.73593,0.69577,0.79476,0.7852399999999999,30.0,39.0,48.0,30.0,31.0,0.18537,0.3105,0.10106759140133087,GINI optimization for all,
90,0.7008074345866231,-0.16543202625746734,0.8129371154629906,0.675265421853732,2.1787688280317568,0.6128487724520243,0.9393389575580523,0.9185710166001715,0.36590235936340987,90.0,1.7648027507057231,0.4139660773260338,1.5521877300100766,0.36590235936340987,0.9185710166001715,1.3943293037467217,0.3577733108109412,0.42177177283081585,0.3445458827107974,0.555202106262305,2.93292,0.75717,0.94351,0.78229,1.20143,0.47541,0.47251,0.44702,0.44043,0.46212,0.52459,0.52749,0.55298,0.55957,0.53788,76.0,69.0,70.0,65.0,68.0,0.44043,0.15952,0.01661813544346222,GINI optimization for all,
91,0.2055580872877939,-0.5478508179811803,0.7305662157163993,0.267168684736435,0.8638215645538463,1.0255470851265955,1.1043011531062152,0.8289939605088464,0.5688618556016762,91.0,0.6996954672886155,0.1641260972652308,2.1298482382328108,0.5688618556016762,0.8289939605088464,0.505822757515918,0.4553172574845992,0.5642914029744573,0.4454567107365611,0.7215083331149621,2.93292,0.75717,0.94351,0.78229,1.20143,0.17246,0.60134,0.59808,0.56943,0.60054,0.8275399999999999,0.39866,0.40192000000000005,0.43057,0.39946000000000004,28.0,88.0,93.0,84.0,88.0,0.17246,0.09112,0.1398776481696402,GINI optimization for all,
92,-0.13835012166629568,0.0839369241375334,0.29688828528505407,-0.31560662673502093,6.139513552023411,0.3369331424344745,0.9821730641455302,1.3377968949435535,0.7216462568978281,92.0,4.973005977138963,1.166507574884448,1.3191062065800048,0.7216462568978281,1.3377968949435535,2.5555126805157506,0.650594828328252,0.8328949134743864,0.6991516472159922,1.0763847185494304,2.93292,0.75717,0.94351,0.78229,1.20143,0.87132,0.85925,0.88276,0.89372,0.89592,0.12868000000000002,0.14075000000000004,0.11724000000000001,0.10628000000000004,0.10407999999999995,140.0,126.0,138.0,132.0,131.0,0.85925,0.00691,0.008697765372010271,GINI optimization for all,
93,-0.8626459100204297,0.2679839558582173,0.4092646551032991,-0.5595827062108553,7.402112223482296,0.18314284051192448,1.208715192066305,0.9748400227998721,0.15630582978915053,93.0,5.99571090102066,1.406401322461636,1.3918580325782295,0.15630582978915053,0.9748400227998721,2.628758529393671,0.6759800281202177,0.8762749291482199,0.7390797456402018,1.1239946764137356,2.93292,0.75717,0.94351,0.78229,1.20143,0.89629,0.89277,0.92874,0.94476,0.93555,0.10370999999999997,0.10723000000000005,0.07125999999999999,0.055239999999999956,0.06445000000000001,144.0,131.0,145.0,140.0,137.0,0.89277,0.00187,0.012460771925856507,GINI optimization for all,
94,0.07800954744543387,0.007445762302398462,0.07249022455896581,0.2609083107760828,7.546820195336034,1.0648663729863854,0.13320876015185656,3.0109332306929315,0.49037393373840477,94.0,6.1129243582221875,1.4338958371138464,1.198075133138242,0.49037393373840477,3.0109332306929315,3.3025374474394065,0.8619502880387612,1.0733788375053797,0.897888904054233,1.4040713919201904,2.93292,0.75717,0.94351,0.78229,1.20143,1.12602,1.13838,1.13764,1.14777,1.16867,0.12602000000000002,0.13837999999999995,0.13763999999999998,0.14776999999999996,0.1686700000000001,180.0,167.0,178.0,170.0,171.0,1.12602,0.01098,0.006675200402904278,GINI optimization for all,
95,-0.8339227012260257,0.25169997597089944,-0.24025146474884207,-0.935394645910264,8.490609663675865,0.14615714288686232,0.6909132481093404,1.6708473179822705,0.6301179968067933,95.0,6.8773938275774515,1.6132158360984143,0.8370703909962027,0.6301179968067933,1.6708473179822705,3.116448664721184,0.8115839885404068,1.0429876391627317,0.8355567284111894,1.2989626579719356,2.93292,0.75717,0.94351,0.78229,1.20143,1.06258,1.07186,1.10543,1.06809,1.08118,0.06258000000000008,0.07186000000000003,0.10542999999999991,0.06808999999999998,0.08118000000000003,170.0,157.0,173.0,158.0,158.0,1.06258,0.00284,0.0073325242988677005,GINI optimization for all,
96,0.23930902335077014,0.08537304092397105,0.23355935802718264,0.7369898887063338,6.892409266992355,0.7872738489228761,0.30971003174048767,2.887528598416446,0.0121369968858849,96.0,5.582851506263808,1.3095577607285476,1.0969838806633638,0.0121369968858849,2.887528598416446,3.1254045524500955,0.7361351897598258,0.9421843675380539,0.7733472971424242,1.13674715445569,2.93292,0.75717,0.94351,0.78229,1.20143,1.06563,0.97222,0.99859,0.98857,0.94616,0.06563000000000008,0.027780000000000027,0.0014100000000000223,0.011430000000000051,0.05384,171.0,143.0,156.0,146.0,139.0,0.94616,0.0,0.02134789194495462,GINI optimization for all,
97,-0.8276442362368592,0.19569468289506498,0.9801566964524675,-0.4726710562816404,7.78706706426492,1.3136528599652686,0.9606989341147061,0.5297810770679757,0.1351535871958676,97.0,6.307524322054586,1.4795427422103349,2.2743517940799745,0.1351535871958676,0.5297810770679757,2.8173818848061987,0.7671820437843553,0.9338168907278699,0.7768678787545176,1.212937045350634,2.93292,0.75717,0.94351,0.78229,1.20143,0.96061,1.01322,0.98973,0.99307,1.00958,0.039390000000000036,0.01322000000000001,0.010270000000000001,0.006929999999999992,0.009579999999999922,154.0,149.0,155.0,147.0,148.0,0.96061,3e-05,0.010073677915351948,GINI optimization for all,
98,0.8393188294065399,-0.535539805349347,0.37110256561497224,0.9646280230019706,1.2097317891260781,0.5977221534876911,0.8873108578560371,2.247295382349937,0.5104685860763092,98.0,0.9798827491921234,0.22984903993395486,1.4850330113437282,0.5104685860763092,2.247295382349937,1.066815666374493,0.4870446181171513,0.6005333139359681,0.4903247707171047,0.7535872115498691,2.93292,0.75717,0.94351,0.78229,1.20143,0.36374,0.64324,0.63649,0.62678,0.62724,0.63626,0.35675999999999997,0.36351,0.37322,0.37276,58.0,94.0,99.0,93.0,92.0,0.36374,0.07297,0.07851071099468852,GINI optimization for all,
99,-0.32584129541445916,0.06742416875449053,0.7801108835631447,-0.0759090969072247,4.992542398271009,1.0775591439877394,0.6376340318738574,0.6018182047568917,0.14408249779154841,99.0,4.043959342599518,0.9485830556714918,1.7151931758615968,0.14408249779154841,0.6018182047568917,1.9394277698698412,0.5295927474629979,0.651824276801106,0.550726246318702,0.8615348171174844,2.93292,0.75717,0.94351,0.78229,1.20143,0.66126,0.69944,0.69085,0.70399,0.71709,0.33874000000000004,0.30056000000000005,0.30915000000000004,0.29601,0.28291,106.0,103.0,108.0,104.0,105.0,0.66126,0.05179,0.014375271768083574,GINI optimization for all,
