calderon_lared_flow,chapala_flow,pozos_flow,toluquilla_flow,scenario,policy,model
3.8496820085877803,9.073719117245005,4.058540700962135,0.15611249086346954,343660,None,AMGmodel
1.3048935501307888,8.654988100311808,2.4698309337484194,0.07825222530468302,387278,None,AMGmodel
0.22340469395726203,8.43305269616947,4.303270174154554,0.4196951045685363,314317,None,AMGmodel
0.6054115106183021,8.382582076097036,1.098128962964772,0.060574943065159384,381932,None,AMGmodel
1.478194420866274,5.756758414546172,3.580713217863279,0.544801933929087,395321,None,AMGmodel
1.9584893732481519,11.298845779829335,2.6987711551419236,0.029131588427129703,305405,None,AMGmodel
4.406257501621056,8.012604109042456,2.3655601645619604,1.3756506866118323,333188,None,AMGmodel
1.2386241192166474,0.8747968417685319,2.920137118589177,1.1191804566756431,363421,None,AMGmodel
3.041515972647245,11.224030647755615,2.490198783402097,1.1477968751204388,372897,None,AMGmodel
0.4983625260153053,9.682540882324592,4.500079912080819,1.2577082154727013,309507,None,AMGmodel
4.113158659242992,4.3286167911179065,2.7609395469028497,1.174015039491798,388624,None,AMGmodel
2.289438316061303,7.875528860619139,0.30732720706116207,1.3825086465195489,395115,None,AMGmodel
3.971243968101385,11.284212814631099,2.1054973306080003,0.12957803692684616,399243,None,AMGmodel
1.0939043258242158,9.173343575095153,2.4496072671455082,0.5681574636888467,377045,None,AMGmodel
2.394376932357684,1.8429799104118136,1.121346927901858,0.34335002391050196,331791,None,AMGmodel
3.1228149163216017,10.820512581660301,1.6575036657530402,0.3027370084672399,345417,None,AMGmodel
0.12854370369696208,4.420273448942753,1.8604527689992965,0.5752172169130969,371963,None,AMGmodel
1.9370157833510755,11.017502411919676,4.190655722034929,0.2348764414912965,391216,None,AMGmodel
1.2593251449122593,3.8917028260964375,3.177422608820407,0.6016443218393706,331924,None,AMGmodel
0.384926838323053,0.9538625095042159,3.0353002054187823,0.7528614439455928,315134,None,AMGmodel
2.3509785697262386,8.82223640669303,2.667656957205485,0.241312915895061,316405,None,AMGmodel
2.439194218147928,9.723664651048638,3.648692554326975,0.2030420915207351,322718,None,AMGmodel
0.46432330998231636,3.795833346832917,3.5428375543642785,1.0831031630368981,315522,None,AMGmodel
0.4407583852440638,0.7339355665549999,2.42854654821607,0.3826883855019757,324507,None,AMGmodel
1.7163901988411059,5.435029476402774,2.7956255439325233,0.28353713916455986,313979,None,AMGmodel
1.3632025470876104,0.11538497206625395,0.7845908868021046,0.38185067767037856,371898,None,AMGmodel
0.7505866473942864,4.634134096622477,1.0706236727358582,0.00725715623341774,364290,None,AMGmodel
3.855951286774365,5.4777169801200865,2.5078975718998566,0.6464964245258467,327706,None,AMGmodel
2.7661102712069336,3.8256418293653836,4.262884721039787,1.210334304934523,392621,None,AMGmodel
0.3103371221280198,0.9025105347902032,0.41420624958410385,0.34569536106785437,366503,None,AMGmodel
3.457561555076866,7.526795386069254,1.441945792855423,0.6654338269161426,332959,None,AMGmodel
0.21457936531343413,9.906398483567298,1.992861586278315,0.23337648184867865,350907,None,AMGmodel
3.392035822521212,3.5107122302549993,0.1897941393910761,0.7355285952683115,382950,None,AMGmodel
2.302695585736872,1.7520549324198371,3.8691817173267666,0.06533786430064867,384717,None,AMGmodel
2.248664500410065,9.941721130032606,2.064840165460995,0.013082116449817056,306839,None,AMGmodel
2.563591836926956,0.23469858008330083,2.972031156470657,0.9518598651074066,303015,None,AMGmodel
2.6967532966969694,0.39998898947692973,0.22269151253236447,0.3062130052027248,321702,None,AMGmodel
3.339989213734686,1.8597194560576316,3.493989203303908,0.5459573853936077,372719,None,AMGmodel
4.270333243708049,5.853267217747025,0.31946851960825084,0.6268149361297585,327709,None,AMGmodel
3.5796028916220557,10.957014135158879,0.12874239817734492,0.9442943653902928,388505,None,AMGmodel
3.006059611344499,3.744344258385179,3.18357444145887,0.17753018657322228,394640,None,AMGmodel
2.2393574358573725,2.645086090023905,1.8770267011929394,0.2467179586262656,360697,None,AMGmodel
3.1006909829959506,6.6532665043754236,1.566963542925151,0.6413334774638813,373682,None,AMGmodel
0.08148882541835568,1.097228312130025,3.0354049747338006,0.06570038846292389,346698,None,AMGmodel
2.6929085161126105,4.352944366912097,3.742963642889339,0.31966411498088765,332179,None,AMGmodel
2.6959213726191162,6.209785847945075,1.1651879305657513,0.8772323890707904,344305,None,AMGmodel
3.670367298615818,10.930582541250924,4.482509461920124,1.4318421644137471,304004,None,AMGmodel
1.317144784929009,2.121358907642836,2.9295350475850506,0.06882598652632083,382831,None,AMGmodel
0.9477435522823028,8.242531437820208,4.614234228498685,0.31354990043899855,399338,None,AMGmodel
1.2202260429018081,0.48459126532641866,3.4804092596655227,0.5575826798084598,301217,None,AMGmodel
4.336376667497049,3.5021270812207574,1.7590414864256367,1.158616180522063,312878,None,AMGmodel
2.3385788233226417,7.727751147687667,4.42990328424007,0.18093258942398185,305589,None,AMGmodel
2.742092359780868,1.2234156795612887,4.403840984954514,1.224759625334619,382626,None,AMGmodel
2.0108029995464713,10.843324987099887,2.4484266366320253,1.4215771971639943,321985,None,AMGmodel
3.7433413913617843,10.61035581602723,2.413602412634379,1.2935549214251076,390259,None,AMGmodel
1.9045916500264943,3.4878218581335756,4.579947596133494,0.8407105364288276,337085,None,AMGmodel
3.8261194161123475,1.9857052611120132,3.345251628234372,0.3074125552621196,342548,None,AMGmodel
1.9031848101920228,4.636799135030084,4.579764361715968,0.5245229421362424,332735,None,AMGmodel
1.5859951026009926,0.5587709274702642,1.1945410906252332,1.265017071130895,342359,None,AMGmodel
4.3880625503464055,8.25694859788541,4.529691481304216,0.18844869218178759,368379,None,AMGmodel
2.533113100776555,0.6507908236075515,0.3679787921376393,0.3632562808110552,392365,None,AMGmodel
4.130954686442872,5.695326814597272,3.2989079106174417,0.4602836126578772,337450,None,AMGmodel
3.355457940848667,7.471798854746653,3.0815425781177663,1.4449291528154202,358546,None,AMGmodel
0.4591137530708492,9.512878610591011,3.600280861682215,0.8894270669667589,317278,None,AMGmodel
3.509635755662814,9.865124431134234,2.5079459610568704,0.16825442248357705,395986,None,AMGmodel
3.2487992745649072,11.125904306080132,2.319977253193973,1.1643169629030061,372206,None,AMGmodel
2.204569722835827,3.315155999628891,1.3077321370473054,0.10189174050293334,303377,None,AMGmodel
3.8569658365674275,1.1167819477628582,4.355053732256412,0.22172275729772983,349274,None,AMGmodel
1.387864152276095,3.360902490540975,4.314787247352726,0.43904008767461544,374323,None,AMGmodel
4.296377211699389,4.337904902808767,0.4704276028335514,0.2366697801207278,363319,None,AMGmodel
0.05306096963474759,9.104716651973273,0.7554716430886766,0.2852309006354872,355843,None,AMGmodel
2.3977432283135904,0.8029299176620924,2.688374263587965,0.9948597870620863,320600,None,AMGmodel
2.8901748370654867,1.3343691037226642,0.7456221279255862,0.1797253589001912,349315,None,AMGmodel
1.732526414434648,1.761815958731617,3.832549013107725,0.8609230877499047,385409,None,AMGmodel
4.251110950139402,1.3102130144109516,1.5342257082532904,1.1432187481275426,397630,None,AMGmodel
2.5477537243971016,8.859831551494942,1.1765168635253769,0.8584969609650388,345167,None,AMGmodel
0.8670173737561538,9.167974980515108,4.269877040525279,1.4404733784339427,370920,None,AMGmodel
0.5912541173527485,8.10377501472197,4.301364709328806,1.2858975884014456,342428,None,AMGmodel
2.746362688551586,7.689723996329437,2.099001480877952,0.6575891040815133,340272,None,AMGmodel
0.22201150766498484,9.157444390096131,3.1744693195639893,0.1883940586283711,338210,None,AMGmodel
1.0151438020361394,9.179283657038935,1.327611463738121,0.1560523543772005,360520,None,AMGmodel
0.401274702981677,4.264776138693083,0.7518926546928236,0.313607319864447,355020,None,AMGmodel
1.1881348308061663,0.5805438779910985,0.54514974473223,1.4486782673753817,339189,None,AMGmodel
0.027955235847656995,1.0023510988704565,0.32767810552952004,0.6496841239189735,397115,None,AMGmodel
0.2550324017506636,1.754441463025344,4.269581020368359,0.7044095612558897,395649,None,AMGmodel
1.3576539845443434,0.2964168275203807,2.1653655850967413,0.6001801861870532,327690,None,AMGmodel
1.4014986849555,7.64640735323527,4.021203347188895,1.387660769329889,331108,None,AMGmodel
1.6525551227900233,9.134091756097881,2.4113841076266627,0.39739403323213807,343008,None,AMGmodel
0.5854720536995128,10.230839528240962,1.2714572628076717,0.5778576245537841,346933,None,AMGmodel
2.4400672266120482,5.5319543475966055,2.319004257031553,1.2790258299941397,396760,None,AMGmodel
3.6212597434773652,2.6498377782821483,2.3385237962344045,0.8967095371348803,350707,None,AMGmodel
0.059749061928699276,11.103008448159928,3.8896673956321997,0.013099021063981618,303028,None,AMGmodel
1.1332660943283674,2.4037181733788344,0.25665128924960423,0.6829382336461767,317634,None,AMGmodel
2.0541117779486817,5.673986759195479,4.466163422660283,0.44863446674975704,308954,None,AMGmodel
4.096011401592234,0.1770329685252222,0.584666903198618,0.696991186126681,322257,None,AMGmodel
3.8069092007176693,8.674341620262512,0.7801555037084585,1.254981587820018,331901,None,AMGmodel
2.1292417216903736,8.886527864392411,3.8003350402915568,0.09975960987100027,356164,None,AMGmodel
0.399569804312431,8.897781080924686,4.430439681958565,0.2568259712940996,314445,None,AMGmodel
1.6007467812087115,11.100084401139403,3.7433022269936584,0.9522339998420778,378693,None,AMGmodel
1.2607319439229303,6.31016052881126,3.62926808837897,1.4957875805738285,341780,None,AMGmodel
2.7515633640586312,8.357783022530889,3.357685747992665,0.9321235481718957,347359,None,AMGmodel
2.5496281196424033,9.184964723730834,0.3602994406269249,0.06877867115032438,324384,None,AMGmodel
4.438525349615805,9.433562490593829,4.457061901845977,1.3574184058499275,348672,None,AMGmodel
3.3642927557504696,3.070493274075527,0.9494270680807936,1.207038665994287,384728,None,AMGmodel
3.5767993682355144,7.351657688554663,1.79628271186165,0.5222644004238097,357387,None,AMGmodel
1.2876173579291152,7.909097383428397,2.8672816917193105,0.616574571535663,317117,None,AMGmodel
4.275917865897371,4.758828866039505,1.6655009707674509,1.2295560193521977,389635,None,AMGmodel
4.012445348800789,9.950881431052597,0.5894650681066872,0.7159273959099919,331370,None,AMGmodel
2.2649492263418844,11.118684595502229,0.9415361422360384,1.0109673293322585,352672,None,AMGmodel
2.1928377395880463,3.8764427088162856,3.2941743780860717,0.37744291858543255,358223,None,AMGmodel
2.9581110234509898,6.700258043418273,3.0019810423510034,1.3543150943665525,335219,None,AMGmodel
3.4126329239084554,0.23220127122223086,0.9490917728993036,0.6856020171685895,315319,None,AMGmodel
1.69506074609075,1.3661180919372027,1.5063844522221321,0.6858851414538323,362265,None,AMGmodel
3.8976771530548655,8.979632390522946,2.0153584705633794,0.2447229002520302,302646,None,AMGmodel
2.4211997050611536,6.9026989054470365,4.15184003450922,0.33656364365032676,326079,None,AMGmodel
2.5349639647058946,0.7877371778680176,3.9002768900356517,1.1215622430260268,380326,None,AMGmodel
2.9293071517190263,1.5937759458068028,2.9701466050593917,1.0192329138976342,309842,None,AMGmodel
3.4477868412375305,3.2473618423130253,0.8092981458369499,1.3863081620021322,365997,None,AMGmodel
3.8914710010304505,2.6467556062278237,4.162757169163191,1.1810710200844143,332710,None,AMGmodel
1.7283923933795196,10.021050188014737,3.0383087345872197,1.4252794723476727,387319,None,AMGmodel
2.301996918820689,10.359812354729836,0.42987192141285985,0.09243734288943095,353530,None,AMGmodel
0.9729026577325635,7.101897341704402,0.49208848583304504,0.9793434022164879,388746,None,AMGmodel
3.791454382768766,7.827085576246277,1.390709711417542,0.4496665193919174,345104,None,AMGmodel
1.4525763761713182,4.65092606812386,2.9104370784381897,0.06880576506778446,395705,None,AMGmodel
0.6334371126326339,6.376495617782595,2.985880611794416,1.0544645332430969,386423,None,AMGmodel
4.47664967018781,8.668051287405126,3.4463161004397818,1.2019669919523348,318499,None,AMGmodel
0.5985070375931373,6.372676020023872,3.998487883984554,0.3047435297995818,371021,None,AMGmodel
2.8662635178033056,10.806659651316316,2.9190416349123054,0.982784161428879,367283,None,AMGmodel
3.4052155106806143,9.689175345746564,2.841539664218188,1.4240962334541742,362730,None,AMGmodel
0.7377786447468304,5.719570947466748,1.27581744203797,0.2047156743313227,317591,None,AMGmodel
2.916031840875878,9.63878580377072,2.9704043092344095,0.813804457177846,390283,None,AMGmodel
3.1420303863831247,8.207626709148604,0.14184819237241625,1.1793974599809052,338855,None,AMGmodel
1.0335668866795364,8.906191260414582,0.4521580599847954,0.8831085214062395,315706,None,AMGmodel
1.7007510090341804,10.054368066833003,4.068491162367687,0.3052398320880453,311503,None,AMGmodel
1.7186852316597878,8.445346782251944,2.5332074117098977,0.28921919975742416,378361,None,AMGmodel
0.14089060898719843,1.6528296033394505,3.4055963245956047,1.0100663024560534,395432,None,AMGmodel
2.639506833884016,10.08291118700995,2.549962060770815,1.4770451536510862,324243,None,AMGmodel
1.2898868883028545,10.37040975668739,2.598798810349924,0.3486125320498167,356490,None,AMGmodel
1.4157348233929177,1.9088222798877517,1.6109230635666363,0.2985480068576485,394691,None,AMGmodel
3.440118248495708,10.464851231260116,1.358423941213376,1.3421706599051726,362630,None,AMGmodel
1.2771749697171528,6.031946647752882,1.277210755193172,0.6147314226742805,399624,None,AMGmodel
2.7236266626526553,6.445182940796714,3.8607346930085793,0.002320331745806048,342051,None,AMGmodel
2.1163062934435906,8.61345616925661,0.7445228502374462,0.9735811504989469,301225,None,AMGmodel
3.1342230970464042,5.643103480060896,3.925144795245857,0.29175581186965366,365828,None,AMGmodel
1.3040496611426573,4.882893107267374,1.8576343878220696,0.39507123345227346,368370,None,AMGmodel
2.6656003498206386,2.2734798206461377,3.431893869588004,1.2633023202895177,350854,None,AMGmodel
0.49085134035268013,5.956452337179206,2.7667916533031005,0.6511325182070445,335812,None,AMGmodel
1.4126976261765618,6.275016147123398,4.715204152423142,1.3272906973031102,318163,None,AMGmodel
0.29000717999317654,9.506629251343181,2.3476780081290216,1.092613496806913,354573,None,AMGmodel
3.550305470432744,2.03871861646788,0.7312376939871134,0.5808115797470772,334775,None,AMGmodel
2.380507810270858,5.8391015432653015,2.0336330733316985,0.5692577279207267,330754,None,AMGmodel
3.6110668589804913,3.0474225647848376,0.9579324057741456,1.0464649344282728,340615,None,AMGmodel
0.6778464149916592,6.987089293382692,3.9191741869246446,0.4277919182616484,318305,None,AMGmodel
2.841241146226121,9.546867075689315,0.8784738388524649,1.0511541547227332,308462,None,AMGmodel
0.9207905430827943,8.67330765841251,0.3136617363822894,0.6872442552886175,394257,None,AMGmodel
0.4179506573311689,2.2128356155826983,0.2149043105253298,0.9146457782137698,329175,None,AMGmodel
3.286281052010841,2.717620938929757,2.251270924867938,0.43990670171934465,327801,None,AMGmodel
3.4506623221188537,10.159303117541493,1.6686033283326525,0.3490344975185676,375289,None,AMGmodel
0.8715991468221461,5.101693895514936,0.20783489182235582,0.6878993612823712,376136,None,AMGmodel
3.4522637436692283,11.370031907312821,3.5679684188915375,0.888576558547121,331626,None,AMGmodel
2.413239244625903,5.487429017526733,0.8953310848042826,1.0651878678287137,396658,None,AMGmodel
1.6291021721963916,4.917274974242002,1.6611063615262465,1.1755258035310674,396847,None,AMGmodel
2.059461998926475,3.225717323010107,0.35864441848663864,0.5223815100818714,304767,None,AMGmodel
0.4648382930182023,8.035967203205837,1.5619169769772883,1.2231286004667359,301866,None,AMGmodel
2.39204443619018,5.4974537038451965,3.574195129188416,0.07088847571458526,329058,None,AMGmodel
1.5983041265039677,1.9162501181526939,2.4281436860943564,0.409048840347056,349084,None,AMGmodel
3.1378537285733556,3.7698448284928636,0.9998383644760016,1.071941527045929,313569,None,AMGmodel
3.564557309003539,1.0089540404741946,3.757348807199906,0.2106018124604689,328891,None,AMGmodel
3.1698014872470104,11.222887700040921,0.028736800440861944,0.3772945531856504,302242,None,AMGmodel
0.9954767158557847,1.3599588113382006,0.9576196850952733,0.44340297922408023,352187,None,AMGmodel
1.3522879602824152,4.3715942206009295,4.654809856506005,0.7594209734387511,312635,None,AMGmodel
2.5797715279916673,0.6962385494856157,3.046618555423446,0.7621798193496461,364520,None,AMGmodel
0.8728511528383704,8.782796623198848,0.31443500878554054,1.0641561855445887,363373,None,AMGmodel
2.903057858380293,2.3737294870482795,2.540308198002954,0.4809480206246316,391566,None,AMGmodel
1.6653581080584052,0.9116993756213947,2.221576635779012,0.008433108044451139,388963,None,AMGmodel
0.2182981123362746,1.4939780529462272,4.653800403757923,0.7652224577388059,383141,None,AMGmodel
0.8730575723451711,6.952187893583243,4.311621241801048,0.28685979714982396,344173,None,AMGmodel
2.7683292910328787,8.465180186835854,2.8671079202102026,1.3671267148246948,317631,None,AMGmodel
2.008047151530784,2.772784738226743,4.027139864799127,0.8899276011867264,392662,None,AMGmodel
1.077024557642051,7.4687810072318355,0.7808766829131398,0.9074172943648002,356682,None,AMGmodel
3.6659465279865056,8.683050813038703,1.1665348700836498,0.12734579955060904,337106,None,AMGmodel
0.11675239177029774,2.187244154912317,1.7265229929848864,0.17398489765755656,300385,None,AMGmodel
1.9550179638515215,7.207323790341039,1.8232590037112457,0.04487549586679464,346930,None,AMGmodel
3.485271637790469,2.251413974228035,1.6988057027441288,0.6241245383582215,339060,None,AMGmodel
3.090474692715314,11.293687908567364,0.09239734453300393,0.4296296482882872,311518,None,AMGmodel
3.1937110794362362,2.4272808790355986,0.2058873472775456,0.3167587607715915,318171,None,AMGmodel
3.7726745647607096,3.969378291194382,2.7805021408106425,0.7041996921366246,353669,None,AMGmodel
2.9771668087818903,6.064175533879731,0.9369050433066625,0.014406092947502891,372405,None,AMGmodel
0.736671041482489,8.343052695144618,2.1467812472137724,0.8260311096695974,342458,None,AMGmodel
2.9738272257986313,10.787826084255544,3.26899157616018,0.28272717465442426,368974,None,AMGmodel
1.8457679528798066,6.171036724455921,0.7322335542639549,0.7018601159496174,329160,None,AMGmodel
1.7465530991690281,0.5958554109962536,3.917611832774303,1.2647669468657654,398347,None,AMGmodel
4.253691759641812,3.210214996886525,1.115083037106481,0.9498505310710266,393343,None,AMGmodel
1.7046267486940008,5.578083038349675,3.294276171615006,0.7818855253281765,302883,None,AMGmodel
2.17858260462742,5.916105525987479,4.79284773950866,0.7501763145435272,394035,None,AMGmodel
3.9761184375844683,10.60395353655512,1.4320328415828916,0.19577125661998554,342896,None,AMGmodel
2.16113678023041,0.6456426195637915,2.371411037621686,1.0748724051217047,313547,None,AMGmodel
1.0253420228392873,1.8138642397635407,1.699869436371363,1.4640290807707326,313492,None,AMGmodel
1.8424456845010022,8.120227206884437,4.168767249059726,1.0566973409498297,326155,None,AMGmodel
3.264310124119472,2.6193610382253074,2.820523019262719,0.23907900286139377,324508,None,AMGmodel
3.055915873716866,10.460528291102765,3.349116769806451,0.05460668736949505,386082,None,AMGmodel
2.4208077069202694,4.854091126877214,3.145465511236976,0.47369098115373376,352768,None,AMGmodel
4.025876492575602,7.378636613387176,4.2332220997274925,0.3000993107702956,308706,None,AMGmodel
2.8019823271005193,10.400489737733597,4.209106763883037,0.7068818152032346,317964,None,AMGmodel
0.6703381717049001,1.6950979156896688,1.0287684708942482,0.7282280466724914,368132,None,AMGmodel
4.226945965029544,0.013862628546853524,2.497497226522685,0.8886667120470515,343712,None,AMGmodel
1.253754550347229,9.388490461523237,3.0866752667897908,0.6558043853337927,377606,None,AMGmodel
1.1860501488680248,7.700796361891287,1.8279273043713473,0.7904118760071989,347492,None,AMGmodel
0.5033320455296759,3.695911397059498,2.7402263145920247,1.0791252846057484,331977,None,AMGmodel
4.381265844949942,1.8102373375614451,2.691535078085529,1.4633205319603135,368153,None,AMGmodel
3.3727238109567996,1.3093753750931594,1.4093334420759989,0.5368323028356283,390896,None,AMGmodel
0.5613844519166487,11.005063706249961,2.732949037428447,1.310301798821683,385839,None,AMGmodel
0.6055172848302067,1.6196991214266727,2.1712184706966244,0.9716717259763403,322750,None,AMGmodel
0.7396628663279374,5.061084429125728,3.928948357512677,0.5289038501264937,320015,None,AMGmodel
3.6959651306210657,2.5750661615843327,2.96984448307759,0.49723082636259297,371175,None,AMGmodel
0.0562610083639882,0.9083678815716673,2.3263118322344445,1.0924044699329523,372822,None,AMGmodel
2.4434348977971214,4.368966917096683,4.586261405024221,0.05267951411227624,391974,None,AMGmodel
1.815586303866136,5.640978766985536,4.501814473472003,0.9810303402094203,392453,None,AMGmodel
4.035722004443553,9.071140457872234,2.8386116053011925,0.04678525649906787,397087,None,AMGmodel
1.154819227080077,2.459117969132196,3.8171840624470366,0.5159154138357519,379542,None,AMGmodel
1.501245499796907,4.800217261512729,1.2501252406804693,0.6447543228589471,338143,None,AMGmodel
0.9091534127774711,8.292236376712514,2.6023448837066714,0.5282253106632087,327743,None,AMGmodel
1.9241203511126046,4.346131062284539,2.2006235279632063,0.09788974021996102,339431,None,AMGmodel
4.126442562341581,7.173267643430974,1.8862594336206966,1.062510274421398,336013,None,AMGmodel
0.7041779532083107,3.0728152049652913,4.290673792582131,0.8528154128022881,318432,None,AMGmodel
1.680092954176827,6.28921231660529,1.5231368323275611,0.8512842723143523,351961,None,AMGmodel
2.833021730325586,7.573281527795595,1.5344745862074591,0.5555944553692578,358901,None,AMGmodel
0.8777114604256643,6.304638107924558,4.022322563906717,0.2183965058240835,324762,None,AMGmodel
1.6871225382294375,11.07258791221163,1.9275244509075198,0.38709521742412223,341500,None,AMGmodel
4.363055945226059,5.725697066392406,0.8747995522004424,0.55166861455468,371584,None,AMGmodel
0.5134222555357186,1.1161738575845996,3.8873428518177837,1.4541485707962534,334066,None,AMGmodel
0.8217561005876087,8.454573357725057,0.04250570618303627,0.71792270967341,335592,None,AMGmodel
3.8552035061584045,0.6946946580987287,1.4477692610820576,0.99392357534544,395869,None,AMGmodel
4.2936483432304104,9.089343999818842,1.0439232018277145,0.2874154038330658,310440,None,AMGmodel
3.723149237587269,5.929914654430937,3.058180390896212,1.2450962751923536,354292,None,AMGmodel
0.2055229150583797,11.206894869100864,3.6096150950870625,0.7057386697196724,301821,None,AMGmodel
0.3474863659167578,5.976184549379622,3.9661938887330037,0.495507108698657,336735,None,AMGmodel
3.088372228708429,3.518805344329904,0.8198015826806496,1.3968246186085334,317332,None,AMGmodel
4.269394116482945,2.9545113972817103,4.227893863941772,0.5430947714606073,345134,None,AMGmodel
1.331973913608837,9.453944185748249,3.151965767568696,1.0942809116511756,313268,None,AMGmodel
2.846982613406652,4.6681825381798,0.1682007982056063,0.09568216537162605,380033,None,AMGmodel
2.622329950118182,2.5097021902913723,0.31608711760673375,1.1507122138769323,305242,None,AMGmodel
2.924137717359887,5.730477061528296,3.3616376369686307,1.0130411310351168,337255,None,AMGmodel
2.5722279241303196,3.8045066622864034,0.5638561471438485,0.5902451533026292,359363,None,AMGmodel
2.8393045618601924,10.86584633579915,1.1276924523315541,1.2602416027589258,309431,None,AMGmodel
3.193454264222652,9.33659424671765,4.642937682907671,1.0785661200891015,323617,None,AMGmodel
4.254903908260191,7.234427713417079,3.0011376986683738,1.1311056436138358,363090,None,AMGmodel
3.095302367955019,9.348366426357984,3.0756040818230126,0.46952895253009697,382266,None,AMGmodel
2.4055649402809225,9.926730710362826,1.8131042299998867,1.3178415037054125,373202,None,AMGmodel
0.16478134873834038,2.144382922873049,1.3794478261301266,1.0447408912789797,334274,None,AMGmodel
1.4887918729569962,7.40190087395437,3.1849619082949148,0.19125791399313014,358258,None,AMGmodel
0.31981585694387393,9.328443469187643,1.9989016533415356,0.14253653347274714,323471,None,AMGmodel
2.6964827400908726,8.934175190219673,0.703706847171173,0.17339690266982327,326496,None,AMGmodel
1.2442438623291596,2.9983298146881063,2.5614190378035575,1.1099201758522477,369160,None,AMGmodel
3.0192592377181198,5.197746550072051,3.8796211806774648,1.4005379152009487,394019,None,AMGmodel
4.041491569901001,3.3978701695027933,4.298577074055921,0.8121846393674155,389605,None,AMGmodel
0.7170944032903597,11.23597882914904,2.0399654754867336,0.6873494872005539,335175,None,AMGmodel
3.3579434291528405,6.56211393280231,2.4865444726317683,0.7015842765122282,306292,None,AMGmodel
4.057588897693416,5.6379650677422815,1.7958384535605032,0.041678056419392914,347885,None,AMGmodel
4.448796751012163,5.406150738515149,1.7883838806061847,0.9303015368754624,315334,None,AMGmodel
2.22829250420892,3.675760588550857,4.746743551449317,1.3975271223256085,360964,None,AMGmodel
1.5196021433419638,0.6474213712332596,0.10577133327791058,0.9509251208886698,394017,None,AMGmodel
3.8943713404691054,3.687345353214072,1.710471006540063,0.7561794508747004,321018,None,AMGmodel
0.6605528497383298,9.251352758544858,3.8213617472274137,0.660114743395845,326579,None,AMGmodel
2.202491278477899,0.8491389850071248,4.54413145291236,0.7353988073071929,304571,None,AMGmodel
1.0001631822033958,4.822538806639723,1.382423134645588,0.7419543263972161,399466,None,AMGmodel
0.07852934015150713,1.7256096170099782,2.5509361420524557,0.5981562488760575,303724,None,AMGmodel
0.3214541135838253,5.365553817424203,3.4296483008123406,1.2511975150829884,383631,None,AMGmodel
1.0008886296976531,6.514160022427602,1.57200875165663,1.1554313976016588,340192,None,AMGmodel
4.199383395536568,9.721113475984605,1.045194364577728,0.8523761129575282,368669,None,AMGmodel
2.0802746669823247,10.422916379507193,3.1251944316251454,0.801909534245996,361660,None,AMGmodel
0.050118727189964865,4.60107193193607,2.543841039273944,0.5755441306532769,336390,None,AMGmodel
4.093086553262131,3.2464110635704757,3.4110925993380543,1.0079811623692823,319647,None,AMGmodel
2.2327477108267204,9.35610101859064,0.7588861713075914,1.4155109162670538,346717,None,AMGmodel
2.524016907898475,2.363011890675875,3.995640765938589,1.2834615430754384,372500,None,AMGmodel
0.09915944617806417,2.7492617099724206,3.0053085620518583,1.367216043611354,368894,None,AMGmodel
1.589438890810724,9.37469065417086,0.923852968455967,0.6849392501844178,305382,None,AMGmodel
1.8500550072240158,7.550886376474953,1.089767753883492,0.022693005047012684,362240,None,AMGmodel
1.7245142897064525,11.21484789032804,3.473305322354961,1.1421067888662284,305728,None,AMGmodel
0.937151455250963,3.0910731353151157,1.150494544267461,0.6181039969502785,377701,None,AMGmodel
2.729985685563579,10.636269720294091,0.08190998792575252,1.4851507106344652,346981,None,AMGmodel
0.4170032019518581,7.6312348957453935,1.659329319304277,0.8565765021189613,374259,None,AMGmodel
4.145950361697561,7.2047967728582085,2.799002871290106,0.12281359886717116,319578,None,AMGmodel
0.6300251943880876,9.592435977680871,1.2652190724648193,1.0923163810913517,307885,None,AMGmodel
4.313108490175741,2.0954450164728153,0.7780174786645412,0.2549780514816755,387485,None,AMGmodel
3.4738990825175198,6.459096853422901,1.7040660222110338,0.3917813486644448,371363,None,AMGmodel
3.529291195228488,9.291669176013714,3.7087576230712456,1.422541821789729,308065,None,AMGmodel
1.9562602121995134,5.652119619652181,0.4997138951534772,0.613440004373369,318626,None,AMGmodel
0.04389601691227074,9.713404822936647,3.135499751769552,0.3453908969788069,322556,None,AMGmodel
3.6404791663595795,3.1788359616599067,1.4718661218401865,0.9731001670461259,323343,None,AMGmodel
1.5915400394478891,0.3110411190959873,2.6783280125098083,0.20019968756277393,399187,None,AMGmodel
0.536900147130822,11.171021839810615,4.369427324205628,0.2915149403441228,390973,None,AMGmodel
1.8481171661998705,11.072641077232063,0.8988290735618758,0.35190982910568236,363472,None,AMGmodel
1.2590136528538725,3.198784584533533,1.4321285680748397,1.3735392903791785,326946,None,AMGmodel
3.465480185568245,3.6701587556365403,0.2595020981264102,0.443221713612513,320987,None,AMGmodel
0.8074539857192959,10.521441943552478,3.5157460792980446,0.5196848598836825,389128,None,AMGmodel
1.2092553852236174,6.604165794760203,2.3266430141578405,1.3889921068841729,324178,None,AMGmodel
1.8053143845379696,5.893556141466788,2.107947829135143,1.263650096189795,384724,None,AMGmodel
0.8849112252642859,8.900391756866116,0.5905566800629533,0.609338383633132,367642,None,AMGmodel
1.2299201303020268,5.64850250732174,1.2970496613869922,0.4224217001757379,326828,None,AMGmodel
2.783951954318504,10.3659983224055,2.406184592602147,0.8837428353315862,392807,None,AMGmodel
3.317955602197391,2.9562365376423063,1.3233282633743397,0.0016073668892474416,322905,None,AMGmodel
2.7222292905411565,3.979943008516804,4.684279440482596,0.20942603500196566,341232,None,AMGmodel
1.6215234906293328,5.042267012667905,4.729890220313096,0.8814910857852261,308425,None,AMGmodel
2.541208973204473,6.644063295788149,1.0773354985544288,0.7061921476332951,355561,None,AMGmodel
3.8367512609351824,0.991460697588693,4.299490449430814,1.412212322766449,372492,None,AMGmodel
4.236018651705399,7.522459245463946,0.7555365888851946,0.7391494005732482,353652,None,AMGmodel
3.406747849836401,3.0311804627019745,0.9001636822080004,1.2331769110058042,335988,None,AMGmodel
1.9001645565688108,4.031541607990947,1.5949152102093402,0.1301748384212921,397486,None,AMGmodel
1.9988424958981654,0.6468195180880577,0.6659018499200989,0.9844198577789584,315500,None,AMGmodel
2.5784287491204787,5.278273741952806,4.495067975675779,0.9174373723954126,377542,None,AMGmodel
4.380929260973453,4.54302127717766,1.737428315126496,0.8589328314980409,354837,None,AMGmodel
4.462051109460976,5.247428162705349,1.7046957917956402,0.11155248586262916,393157,None,AMGmodel
0.016409334538379484,4.818363834742522,2.890873643189489,0.24343199984933683,348125,None,AMGmodel
0.8968732080803926,10.318160173658054,4.415533798946249,1.1508604638181674,383597,None,AMGmodel
0.2652548742504702,4.04916721367483,2.9975303123223385,0.09818104881818832,346109,None,AMGmodel
4.4148808842918985,4.291531503509921,3.3739143161504335,0.11338589999114314,384712,None,AMGmodel
1.5164846634020175,9.235516340302881,0.3341251489716934,1.3405315172911791,336640,None,AMGmodel
3.070989636242881,1.932246927552233,0.03359909553345749,0.42597974420297285,387102,None,AMGmodel
0.7054494378632776,1.9866165549193755,0.32898287948346544,1.4345436289436362,392618,None,AMGmodel
1.1314268774524001,1.5659000351746062,1.2366102837913158,0.7439853368033634,380103,None,AMGmodel
1.3772191473090032,5.428679315666859,3.765421320797499,0.1361287749536306,396217,None,AMGmodel
4.229585531281946,3.494068734305904,2.0849465821263102,1.214526380051884,347393,None,AMGmodel
0.08917861473765537,1.4605402730684502,0.5975158451950907,1.1683355377609015,313584,None,AMGmodel
0.32311326620222913,7.740007364995039,1.7433533279669826,1.19642666612734,315042,None,AMGmodel
3.707084955214533,9.432133007965454,2.680317831722153,1.042569662273853,333090,None,AMGmodel
0.8057204764090138,1.2131008347358168,2.405360724294697,1.454505228735731,348367,None,AMGmodel
3.332234095446949,6.406275327918402,1.7635100375693504,0.6331361254401451,342315,None,AMGmodel
2.3343430855986615,10.707331224447609,1.9849793415375279,0.29325506657952316,382364,None,AMGmodel
2.3923659917719498,1.4772749361763775,2.0555385110655746,0.8536546963571363,380049,None,AMGmodel
3.908905994005505,9.256611585954117,0.28852365256467116,0.6751451399145483,399608,None,AMGmodel
0.0942326214097561,9.311549778047533,3.05736556671325,1.0255979612437702,348590,None,AMGmodel
3.4950885447596445,3.545862504642014,0.4272104947590398,1.3257615392430324,344946,None,AMGmodel
3.959269102670207,0.9448618279422817,0.1410722212768259,0.3006876892099096,386988,None,AMGmodel
4.203638157656457,5.243745609173922,2.655333881676808,0.11368892756293683,319609,None,AMGmodel
3.6447760076570725,9.553460573262745,2.5402774450649965,1.2074204845942647,371390,None,AMGmodel
4.300683334758407,7.528622637119237,0.9777835536000055,0.9152179234950902,388886,None,AMGmodel
0.5361638437719115,6.2282828237827035,4.445178970787405,0.6034653639018603,335541,None,AMGmodel
2.759039282066681,1.7027624873272917,2.368254544497113,1.0937184135420155,315815,None,AMGmodel
0.6036909040160865,7.082759035363679,1.9662500391446955,0.9003281076761896,383286,None,AMGmodel
0.17916423594209532,0.9656431488708086,3.551329201388135,0.5733425678248494,312472,None,AMGmodel
1.9324560824648906,0.14180283918191325,4.569383822666705,0.3964784435069808,307353,None,AMGmodel
4.0870360210500225,10.312709558506286,1.8399757286092289,1.029786937891074,336732,None,AMGmodel
3.455955925892353,1.6548026767462838,3.4470537837851896,1.2864466260375536,382841,None,AMGmodel
0.6554405872755973,1.1913078147573266,0.1047176813063135,1.1054596654835234,394991,None,AMGmodel
4.119741281887496,2.4213178860371194,3.9313621053032346,0.9258223748923593,327478,None,AMGmodel
2.184443045004917,2.067254438293524,2.9910334667794802,0.23645988247612126,338529,None,AMGmodel
0.5905396999298902,4.862573097976514,3.7452766642258353,0.8653050966059601,384290,None,AMGmodel
3.0087510974563396,6.613649143733571,0.7647410872646392,1.2914793499236572,338874,None,AMGmodel
0.9140386066016659,8.203298744444933,4.599602853303358,0.1959829782896797,365318,None,AMGmodel
1.1615514236210844,2.501043047307138,0.2380979340443371,0.2814439484540441,322865,None,AMGmodel
2.397256004943095,8.983364358440488,3.3086655768421425,0.06692009183773753,367305,None,AMGmodel
3.2848553143563444,11.234138811157969,3.503773610541714,1.359987241241936,365178,None,AMGmodel
1.6888960151839267,2.362973251374265,3.9590707778731438,0.270163074760629,324097,None,AMGmodel
3.430320516452115,1.1299202891428228,2.5762298357900955,0.8228768090088189,331383,None,AMGmodel
2.1891785752340676,9.589542787162545,3.425226841715768,0.9768490509859586,333529,None,AMGmodel
2.3973198473478594,4.656587967076119,2.151455380008604,1.3796205316143144,341136,None,AMGmodel
0.9306990428902263,1.6263546581390704,3.8272713113120105,0.15057007649869575,353939,None,AMGmodel
3.7728294397207085,2.9748846280713876,1.002758222599733,0.44483647384963987,302181,None,AMGmodel
4.052816769415257,9.979768948473293,3.648770769256207,1.292525919502664,326438,None,AMGmodel
4.20145647910336,11.0285743778549,2.3625653684110186,1.2670505751132142,372557,None,AMGmodel
4.032520358071328,3.6870897689467097,2.3925636893001454,1.3688843607521934,341113,None,AMGmodel
3.033068655225343,4.592695502224037,4.31387865879775,1.4466412034356444,374812,None,AMGmodel
2.2070204554076827,11.11011676521854,0.9675661797540739,0.3230141737258351,323427,None,AMGmodel
0.6205326507218053,8.294483164271503,3.1587102618173324,1.4276139264586232,307341,None,AMGmodel
1.2320228960732829,3.81293851867095,3.0908940741968682,0.2669075240350807,398987,None,AMGmodel
2.772430593372348,1.0770768306408367,3.600507863191169,1.0500678593735804,349080,None,AMGmodel
3.059945189125283,7.174756736305038,0.11204480050568776,1.0186628776126436,354660,None,AMGmodel
3.681987555088724,6.698470556702741,2.3495291590854626,0.0518016245523272,329255,None,AMGmodel
4.411719484467678,9.968668629825636,0.22616785973023798,0.7954774125111246,374926,None,AMGmodel
0.2386874371355951,8.485332718467085,1.1698750188934717,0.47891562356188727,356389,None,AMGmodel
0.40785302077815805,1.078383308262695,2.7220388150061012,0.17676983368486823,369708,None,AMGmodel
3.7516026379029705,8.678008699556138,2.3447424158012655,0.10116134566878021,318770,None,AMGmodel
4.087635877919642,5.7814309117241605,0.8459608315861494,1.2687081025504,353564,None,AMGmodel
0.24452304898965432,8.827477960738584,1.8225946385498943,1.023377302013343,361170,None,AMGmodel
4.3911539590920174,0.45702702477402934,2.040530034435074,0.632307993932224,321181,None,AMGmodel
1.2252794069595083,11.27678304463358,3.84995886907724,0.8422778402290867,346168,None,AMGmodel
1.2486030020568493,7.435510317534231,0.8381994785232274,1.213478763804084,300542,None,AMGmodel
0.9215898324391781,9.561470418080212,4.18448639928522,0.2971564713761904,342140,None,AMGmodel
3.841967066036443,1.388810971470254,3.929261759786083,1.4602915666174932,310726,None,AMGmodel
4.050281735256923,3.9514000927039095,0.5093050477217677,0.4743620150346226,369642,None,AMGmodel
1.705123233517276,7.871967726868837,2.947871758993286,1.1193167341859183,392325,None,AMGmodel
0.459006193850922,5.640714662700314,3.762362316167454,1.0669379421084535,340072,None,AMGmodel
4.3171426376328,3.27883762348005,2.4263093689869577,0.4436063373472322,369422,None,AMGmodel
3.402803996209615,5.913096853969632,2.838092910595638,1.2109073196412194,313371,None,AMGmodel
1.8070748453930634,1.3763573498507415,4.694805569729354,0.5667928594381335,302594,None,AMGmodel
2.543337220756025,8.907349001433722,2.0488679016657176,0.9913546536296709,336553,None,AMGmodel
2.3832328150832085,0.7307044933894705,0.007401502210254644,0.40216788305959666,384247,None,AMGmodel
3.511736909634254,0.6099476997668789,3.552227167763895,0.9433317202063951,312097,None,AMGmodel
2.772818671962377,5.585988944300718,3.3681296734723856,0.19243496711210434,349006,None,AMGmodel
0.05646797675795781,7.426231723508827,4.408536121822336,1.0799606496078855,341977,None,AMGmodel
2.833701387871552,0.7933298539486975,1.6935223473416177,1.310628580560793,310532,None,AMGmodel
2.1800105027083814,6.759521065405415,4.003998212361724,1.350770056476764,311845,None,AMGmodel
0.837657919498346,0.17288285611804988,4.17031497336939,0.04719170975759371,355828,None,AMGmodel
2.245354626404229,6.0791341552470906,1.5136638698778822,0.5129670988293493,324283,None,AMGmodel
3.9552516768369412,0.4801483216184046,1.731067287330882,0.7226665324233045,312114,None,AMGmodel
0.6587477699449336,4.185875636280814,1.3817718434332293,0.9702524987804756,311497,None,AMGmodel
2.4808871129950782,2.924479347830312,1.0978059552747323,0.560082550909111,308539,None,AMGmodel
0.7178143928288525,3.6179250621508485,2.300495148054336,1.4504057080398305,373875,None,AMGmodel
1.712240508612808,6.454821078169026,1.946525092466443,0.9594248429900141,328395,None,AMGmodel
0.551579231127359,0.2070486239660941,4.274792820661096,1.2874404810920121,309832,None,AMGmodel
3.635105711393612,8.019826968073254,3.986530221105075,0.5165005937564812,306321,None,AMGmodel
2.399156708899254,8.998281217594606,3.142002077508342,0.6173856161818776,384190,None,AMGmodel
2.5922823314862717,8.596258553492783,3.9230330000573925,0.19830299752056318,346801,None,AMGmodel
2.662394374501582,5.476164358907467,1.2457143687749388,0.8085527896079022,399589,None,AMGmodel
1.553209184161269,4.842572394711865,2.7141281380066364,0.22059521596680667,316014,None,AMGmodel
2.8949848029291423,3.3214046170347333,3.964514848929126,0.10885152315600237,337547,None,AMGmodel
1.336030468888658,8.449701886857165,3.649829969602379,0.8265578623868524,343041,None,AMGmodel
0.07811328778106814,0.5463435260225951,2.3699147590305683,1.3992221173809032,378691,None,AMGmodel
3.874637791436534,6.621530315508907,3.8710755173256395,1.2086051742093553,348161,None,AMGmodel
2.745440734010664,1.8577330463552126,3.274976099116148,0.3589838216791856,369950,None,AMGmodel
2.3450029988024723,2.7080725644617747,1.2295012607283786,1.228670187765616,324059,None,AMGmodel
1.692036018590412,3.249745215628593,3.1007110740365915,1.3144555864176386,352431,None,AMGmodel
3.7697192948762117,5.908339186036739,1.2052999457139004,0.32020063997612963,332392,None,AMGmodel
0.1386279748266246,9.925473214549386,3.4497134738798576,1.3057221010941868,315471,None,AMGmodel
3.404398940126529,7.623495332916918,3.704034281631105,0.0729412781205486,335464,None,AMGmodel
1.7571791673536956,4.625093970010224,0.8240887170560477,1.2978371477459174,343579,None,AMGmodel
4.330275548560152,4.267357894175519,4.383476899049164,1.1522521725315833,360327,None,AMGmodel
4.186614525795388,10.911687413045595,0.8489965942166873,0.20963157854588094,302075,None,AMGmodel
3.5430185320020056,2.8764002639779567,4.670328274722364,0.7213107256114076,346829,None,AMGmodel
3.0033757854476653,8.093538547928418,4.64487917804743,0.8017417961237452,329056,None,AMGmodel
3.8936057565792703,2.6054325527431335,2.758285592601942,1.1187961820675203,366550,None,AMGmodel
2.239305285627842,8.17764677926285,1.6803740952582686,0.41710969836782774,310191,None,AMGmodel
2.249928413037175,7.5944488848558205,2.679012307200277,0.4644738115549957,350730,None,AMGmodel
4.41521397312992,3.135781190476475,1.87591230220265,1.2506974314901123,344306,None,AMGmodel
0.870187957204295,6.2248666522785046,3.002677885724703,0.9381381464564006,311713,None,AMGmodel
2.336160838163634,5.462259342923962,1.5772394986925635,0.3548684318293511,381255,None,AMGmodel
1.3367095331143435,1.130555475208239,1.0993148668777284,0.00970006279546631,328704,None,AMGmodel
0.38653919358657873,5.157645139375892,0.5651446671339125,0.4776941815152962,342743,None,AMGmodel
0.8297454384350313,5.827155514277822,2.264323075232529,0.5939260957407757,322307,None,AMGmodel
2.7326905007898405,8.87919470859933,3.4568512684050225,0.34189486643902417,309206,None,AMGmodel
1.2126581284645912,3.4770128273532244,2.779613471867292,0.7087627096906904,330440,None,AMGmodel
3.220716443104344,8.150356099917381,1.5051501277407333,0.3965980843513048,315375,None,AMGmodel
2.3602083347572873,9.506300123371243,4.700453391469037,1.2205633966380507,302748,None,AMGmodel
0.6460215220648725,7.10922093035229,3.7924031858314766,0.8140950291376132,320336,None,AMGmodel
3.1482287752021803,6.832668835185245,2.4919944708597943,1.0138040948561562,301315,None,AMGmodel
3.2840664405590965,2.9328877488251583,4.0571137924257155,1.2692598178034646,371388,None,AMGmodel
1.6926787150170417,1.3451917457945575,2.383855321355979,1.0669991246317432,387602,None,AMGmodel
2.3346933114354607,7.200143217300762,1.845800632841898,0.2199061162775188,331226,None,AMGmodel
2.4818581414975673,3.892204188558041,4.260327240279822,0.08556909392682946,331354,None,AMGmodel
2.973986309889383,8.495821048944785,4.3521512255045165,1.2557213115447474,330557,None,AMGmodel
1.1517036461731567,2.2189047091707788,4.004448063745728,1.260861261254933,325883,None,AMGmodel
4.180339768468265,10.062197810630366,1.9715308267845222,0.1269451091710671,370893,None,AMGmodel
1.613279607193756,4.211004460114423,0.6184964386832125,1.0586791834545681,328296,None,AMGmodel
1.6819245831035436,8.967893613819465,2.808609987258722,0.9782766607007072,363731,None,AMGmodel
3.033697425533346,7.316342775313177,1.0750259468452803,0.6163525391160924,326394,None,AMGmodel
1.1376724817528503,3.894599153277323,3.5954816709411217,0.5412279381317344,371478,None,AMGmodel
2.1750202779282843,0.20811718728496437,4.1017003867155015,1.3723086537319373,327563,None,AMGmodel
2.7629526950758896,0.025855208795708164,3.331250213058417,0.8523247072823779,394347,None,AMGmodel
0.09896916319603175,9.791640731339111,4.790025660631147,1.477100175369034,383506,None,AMGmodel
0.8380813418857533,9.008613076460653,4.4269569082412925,0.36669678693580976,378466,None,AMGmodel
3.2495253176010657,8.950301875414553,3.3820005107646534,1.1308138508787453,367320,None,AMGmodel
3.9940183098866306,1.308558960206871,2.907967915352661,0.6411872194020072,360830,None,AMGmodel
3.626015941988528,10.474904062359416,4.0108828989425795,0.6960696836276616,386327,None,AMGmodel
0.0287832412375532,0.571600620613232,4.596363106253373,1.0335135609365709,305733,None,AMGmodel
1.5155473992627169,9.87534539396347,2.0104852840384306,1.0356948823450498,383570,None,AMGmodel
3.916161773257527,9.769113426306253,3.5706588137809674,1.3957777783931968,393834,None,AMGmodel
0.20064776712103788,8.983792248942823,2.0225738390483334,0.10254589467405481,346862,None,AMGmodel
2.145537174805982,7.780402599957238,0.488106309233149,0.3898210416766593,393882,None,AMGmodel
0.6177938455814569,0.6624131097266779,3.8911395081095987,1.197863147117084,332887,None,AMGmodel
2.053297990261144,1.8260470523764285,0.9951317388180787,0.027198126943222455,358341,None,AMGmodel
2.373114917242049,5.304743064540876,3.7491317092214587,0.8714533787712919,360528,None,AMGmodel
0.7839577972406682,7.981211063862299,3.9123448634540265,0.8053448030265533,390674,None,AMGmodel
2.415670372557062,2.1211385899148367,2.060116197251938,0.977906369125652,349421,None,AMGmodel
0.7179492972041536,9.707573798320752,4.034859939837723,0.733483067089946,306665,None,AMGmodel
3.392992987227821,7.831776187697509,1.911155791454547,0.3561921124507937,398492,None,AMGmodel
4.279081372354085,4.035870051205038,4.26073063028114,0.6186193180617416,334718,None,AMGmodel
4.278004044849532,0.3211336787035324,3.664267993995616,0.4124173726683462,385220,None,AMGmodel
0.2503856965870371,5.766707620833127,1.7460749952846153,1.4050049361683135,343801,None,AMGmodel
4.492118992432809,5.367781836004553,3.5871938646415846,0.889756981686515,312396,None,AMGmodel
2.0165063240437595,2.7241488050185465,4.061726488583744,0.8341452398777689,315574,None,AMGmodel
0.6204379725367647,9.229084913666714,1.8666797833448505,1.2163326037351818,373187,None,AMGmodel
1.4181152643726422,0.5619164583324389,1.387705020431602,0.9896904510739235,310348,None,AMGmodel
0.5619202901757124,4.017222481204801,2.808481383616989,1.0266934284999023,387784,None,AMGmodel
2.5154035844308584,9.502809988620571,4.4090758117247155,0.7607067280887849,369695,None,AMGmodel
0.2903867630036724,5.23242436199299,4.2415668966601485,0.5478141845268598,374175,None,AMGmodel
1.8087011164540012,2.3374909968641613,1.5939686511057516,1.3556324395244694,328980,None,AMGmodel
1.5654813442555184,9.012037876185387,0.06685481066234315,0.8927099104877334,330354,None,AMGmodel
0.15261152336530226,7.159038830315695,0.787631497806188,1.433668639590201,326153,None,AMGmodel
2.0993256746451605,11.223392118851454,3.7870423550585275,0.18960992223719023,390851,None,AMGmodel
3.4639075368069276,2.2127248707534317,1.3050382640895728,0.6828905693149301,360794,None,AMGmodel
1.644766813237488,3.0366069213796085,0.07152069603198725,0.8054186216539344,369198,None,AMGmodel
1.8224033248479568,2.7407102144073154,3.9434717502260006,1.2086306166307765,388363,None,AMGmodel
0.4884723647950886,8.586232440302432,2.4328745342075067,0.5367271842024735,355234,None,AMGmodel
2.2772053087472974,4.402609734756803,0.08207526648342651,0.48520188062514447,324397,None,AMGmodel
1.7588249235359699,5.15486516334035,2.082384212240882,0.8639772792762632,363255,None,AMGmodel
3.669434128459293,5.031542418717911,4.703031489055473,0.2670219130179253,396014,None,AMGmodel
0.8053859057772539,3.442622872535037,2.039872824716469,1.3239566895074837,359300,None,AMGmodel
0.16108217090983154,1.659541051850232,3.987474682189158,1.418428125396236,349775,None,AMGmodel
3.9443799402781705,0.3362756268317263,3.812045098633699,0.8666874085245224,351465,None,AMGmodel
2.424641318042209,9.31386595764105,1.3961085132172346,1.1670206760886168,363137,None,AMGmodel
1.5129901183195251,2.541905508771843,3.267046397327704,1.437380335755525,323163,None,AMGmodel
0.15144506239571565,4.521223990084707,2.137962708323885,1.2491797122757478,333257,None,AMGmodel
2.9796232677372485,10.575665067360093,3.180433715570895,0.834279111387859,324292,None,AMGmodel
1.5915797434902317,2.7150863066608557,2.546363619094713,0.05671248592893348,302069,None,AMGmodel
0.9283774339264657,0.45538372446810005,2.7999641666208723,1.2133607221870233,320339,None,AMGmodel
2.034854050199347,9.961730045278106,4.491848025191384,1.4933835436388518,387182,None,AMGmodel
2.415883728300365,4.683325397675892,1.7328466970245333,0.7962214564834404,393005,None,AMGmodel
2.8854423527959807,9.536101867641568,2.770417008656993,0.5010433925662814,385035,None,AMGmodel
3.997754084639695,1.1780499641829278,1.9831436864908887,0.6717293526054148,355531,None,AMGmodel
0.6541019583127278,3.200547313600487,0.9219779587696324,0.7002463345229674,399818,None,AMGmodel
2.346240007419163,0.683955938277329,1.327554885056345,0.055437420938042214,321634,None,AMGmodel
3.619519385703519,10.205466198583979,3.75147658355331,1.0666716003095735,385883,None,AMGmodel
2.8376420886575704,7.754213351063433,1.1347249308684364,0.3455027750670313,378673,None,AMGmodel
1.016550501348755,0.2497090532879201,1.1571469595811648,0.13458753080365532,338241,None,AMGmodel
0.4901454157816317,6.868928123604882,2.023603471498545,0.9662222092232899,374688,None,AMGmodel
3.492448577336381,7.967451776961345,0.152222689646362,0.9226538476790418,381503,None,AMGmodel
0.1309402713359696,4.6284208544042365,1.4682785775938159,0.6593029063973219,303538,None,AMGmodel
1.324731485424833,7.07263086656961,1.4488375585410938,1.051671574497955,369916,None,AMGmodel
1.9555542830812445,9.687548141362784,1.40206016953257,0.1841335785733476,396909,None,AMGmodel
0.7286982753046362,1.1575555069728327,1.597974306873335,1.3609092649933698,308318,None,AMGmodel
0.6344048101655031,4.212377546850311,2.29488951514761,1.203407755831869,340600,None,AMGmodel
0.23302640220560614,5.543185574137777,4.0688817471748795,0.17265524457985873,375674,None,AMGmodel
4.436121898692582,7.2676373839777755,0.8930442767400735,1.2125791223859843,391671,None,AMGmodel
0.4133967461214754,4.843766928659079,4.292849561657142,0.6162330918163401,358430,None,AMGmodel
0.9998055876390495,0.10666748060930514,1.140583039339089,0.22793687891379155,339933,None,AMGmodel
1.2926953903095282,6.533354860020795,2.448101574878764,0.5783921075916824,385689,None,AMGmodel
0.43332587229073816,3.851100278478867,0.8307989844740323,1.1287413836048055,358623,None,AMGmodel
3.230472731595755,7.4171946325469555,1.9263938183092277,0.2261601924597031,307485,None,AMGmodel
1.8885528388572443,5.001673294843098,4.793028148603708,0.23931228899813914,389382,None,AMGmodel
1.1831619543951069,9.525534990004298,2.268696265016252,0.2005403717013799,376264,None,AMGmodel
0.17215653875016107,5.611208341889096,0.22154134948596002,1.1987729149953357,327164,None,AMGmodel
2.7002130464540177,9.210305956642529,0.9957359907819228,1.230929032225644,395346,None,AMGmodel
3.0643325390885914,6.019646135615484,4.754567313088228,1.4813665409545276,370295,None,AMGmodel
2.560808030864181,10.410682131817042,2.9952867605578075,1.39322613916981,329314,None,AMGmodel
2.8412623142694677,5.123305747226542,2.4463085714187125,1.2169660125056294,337383,None,AMGmodel
0.5208981729734993,2.717278047223474,1.2603267787169203,0.32914165166164355,329466,None,AMGmodel
2.177044159719558,5.212812818437146,3.6125956978455265,1.3902121568202015,366596,None,AMGmodel
2.89229397064169,4.156992998583117,3.5160740494397205,1.4377185075024632,301293,None,AMGmodel
3.118373412563191,8.606981357814865,0.23369419677822553,1.3525015657499928,317700,None,AMGmodel
4.009021814817056,1.3676787428448212,0.017061220263211305,1.3470075664216665,330573,None,AMGmodel
2.065934197093313,3.223798121509412,3.627278181548754,1.2382502671625661,330442,None,AMGmodel
1.3438983591468334,3.3968213016575635,3.195708757308853,0.28385998562251497,399602,None,AMGmodel
4.287187523956568,7.2110115758482305,3.3454667465021797,1.1742373786500748,377769,None,AMGmodel
1.4911502918256747,9.151896386357624,1.794322805437085,1.4669709250403498,344211,None,AMGmodel
3.4830818521102223,2.669636883288509,1.5872842543645775,1.0161618159178067,398653,None,AMGmodel
1.4809175015464298,8.535169950203311,2.022523229259604,1.2214346948211046,367112,None,AMGmodel
4.300361476312434,1.5322322814706502,2.815024421321849,0.4784082006801291,323363,None,AMGmodel
4.337364291542254,4.888873451897556,1.3274989244846442,1.0476607630310317,317435,None,AMGmodel
1.355307332796004,7.803072541197158,0.1733047434773142,0.13759665246672534,331566,None,AMGmodel
4.1973298285651035,5.822965829646553,1.4961029610047547,0.5907275179692524,377111,None,AMGmodel
1.5088634216072065,2.9278426136161726,1.227434338458352,1.4922501676832876,327367,None,AMGmodel
1.9931933175700223,2.3017314678565604,4.219524723559344,0.20549065661332727,327746,None,AMGmodel
0.00985716118284263,3.936347078700944,4.332272724293548,1.430678943870995,345263,None,AMGmodel
1.3985276709787133,8.088857297678047,1.840214410703282,1.4676942715962618,312977,None,AMGmodel
0.8917416757005783,6.629008080620366,2.475464589588085,1.006848522530492,335702,None,AMGmodel
2.560201597529888,6.742047366222116,0.8876464056618781,0.9388986162121218,317248,None,AMGmodel
0.3270971412439368,2.370583424624495,4.051994488718911,1.3891342151790995,337855,None,AMGmodel
1.9887288422138245,3.384532703425404,0.9117306124412687,0.28759681855743646,323065,None,AMGmodel
0.879541221103218,8.492453045851457,2.5048890125459327,0.9548850262544123,399145,None,AMGmodel
2.993380382576173,4.177934707032165,2.748939856001054,1.3436210048177746,386057,None,AMGmodel
4.192099753874764,1.7476936333730149,0.6840845504890847,0.9632884800148573,300312,None,AMGmodel
0.10191292579932218,2.519434899566107,3.392490610032539,0.7685751591313396,337109,None,AMGmodel
1.746387616549301,4.456920913745537,3.4867656535241287,1.4042336910413389,316166,None,AMGmodel
1.8695608004854438,3.808754982302259,0.820257462300109,0.17052715090654413,344036,None,AMGmodel
2.1616244993515776,3.4129858320315067,3.1204700005823027,0.896389281879783,373984,None,AMGmodel
0.6091192899166158,5.384808577011965,0.5047465435524798,0.14574235486863715,393574,None,AMGmodel
2.899213293044001,6.87749235146167,0.2545697631146794,0.7913325834525573,347839,None,AMGmodel
1.9198214434203302,7.772927324134884,2.908039082492755,0.3624655222522151,387070,None,AMGmodel
2.7346516407256654,8.454797381194114,0.585221358409333,0.2800950620474492,317888,None,AMGmodel
2.8549733816406064,5.518088798583591,3.5494569348104106,1.1469394879633132,378686,None,AMGmodel
3.1574858220748867,3.0593467937749477,2.9603810113118034,0.3241710312935146,320690,None,AMGmodel
3.212921939898242,4.301337629884927,3.6943782811506902,0.5610845034195295,379145,None,AMGmodel
3.302667035302603,6.561474771066709,3.1422678676131213,1.2321118571456675,309708,None,AMGmodel
3.892047761283797,8.097535511370744,2.354827726838972,0.1697653478835587,308754,None,AMGmodel
1.0017252048610017,9.181020380089619,3.008385051233065,0.5722394987369384,352580,None,AMGmodel
1.7937906789948919,11.24704161991336,4.61933818784702,0.937367179996117,349470,None,AMGmodel
3.622388775546612,9.989873783871408,1.239377236869281,0.6533440319207651,393141,None,AMGmodel
0.9137995932309261,2.0790602516308327,4.634805821066218,0.8738443887190032,326795,None,AMGmodel
2.7837278672192407,0.8344859376539461,2.295030852620368,0.03246681289014846,377535,None,AMGmodel
0.8059451682394094,4.756274715101503,2.816117688582497,0.3348259225033983,309872,None,AMGmodel
0.7547297561886166,4.932456859986782,0.5611855971801439,0.7962338669412787,324883,None,AMGmodel
3.723270319700297,8.679507511852995,0.5379694643022764,0.8751333310872282,335222,None,AMGmodel
0.3370337863905272,4.212038537880383,4.2578405257870475,0.7831195031929363,379451,None,AMGmodel
3.326916168051264,7.7605920029584645,4.037418411743688,0.4699693788436055,344223,None,AMGmodel
0.7007266556543514,9.627969540523244,3.0489144332733717,0.4500618801949391,350806,None,AMGmodel
2.5001877554906793,5.152995244557085,0.31012690736267523,0.4026094973354079,363748,None,AMGmodel
0.3930074784448617,5.769102683534262,4.52690528507112,0.8344718907585484,356099,None,AMGmodel
0.33951465504169986,7.120961975825687,1.0104296701659903,0.5215771592915507,346924,None,AMGmodel
3.320630675794459,10.47593599638375,2.2346893243298585,0.11299915676298644,379207,None,AMGmodel
2.9470632510086485,10.4680419021379,1.1109409652411177,0.4445948200305747,316812,None,AMGmodel
0.9816276435606611,6.9906628450200845,2.5501494735613464,1.0083499278141892,317854,None,AMGmodel
0.06658277880073832,5.215303223326002,4.666630276991952,1.2201526622295291,317162,None,AMGmodel
3.4366892231613986,8.909945515628428,1.6200407000803712,0.5451499930510837,344848,None,AMGmodel
2.1655048804513117,10.819259661403834,3.9499341902234515,0.9740424037791913,378094,None,AMGmodel
3.173207623069134,7.452413884917793,3.7941354853426503,0.204344588050724,350685,None,AMGmodel
2.346849186089333,8.899459481615557,1.969245891340967,0.5075159319119177,331181,None,AMGmodel
2.668397552268155,7.320131374753118,2.5965305485768027,0.612917617081651,372766,None,AMGmodel
3.275080724826477,5.08787409657581,1.8539907228956065,0.5056154987799961,371663,None,AMGmodel
0.7530113410950873,2.544160306979127,3.855742550871739,0.5837789302339234,329363,None,AMGmodel
2.3204733873226315,8.057885089417939,1.1565727174108082,0.7634490265817355,333354,None,AMGmodel
4.1025304004154,8.080464925623406,3.2402233397034994,0.0951843187226955,308133,None,AMGmodel
2.607573342687544,9.048685707880914,4.219886610259988,0.8967478961247184,318496,None,AMGmodel
2.9410110543355854,3.2341925709240793,3.429963737483175,1.0044827088330806,335704,None,AMGmodel
4.084295031428826,10.18138318899039,1.2622360703827435,0.6005011525559251,331641,None,AMGmodel
4.320411812185072,10.278791488102918,1.6561051481953097,0.9027595406368225,369854,None,AMGmodel
1.8237862634729551,10.698000500635954,2.8116081907156896,1.023275644318454,301591,None,AMGmodel
2.0127788553996036,6.550886360042748,0.8020870988069527,0.9022381387338483,318669,None,AMGmodel
2.6463467539471632,5.524806695491218,4.4926938218518035,1.2410392569660358,337490,None,AMGmodel
3.9746272073963005,8.822554364950175,0.167269213429334,0.01000985567862264,308138,None,AMGmodel
2.358831240384312,7.367756219352151,4.251899840075061,0.9032071047007846,375034,None,AMGmodel
2.7769980230455764,4.050078457595735,2.024489711207676,0.8100898357792015,357977,None,AMGmodel
3.909594315702001,2.641073020953521,1.1876656573422915,0.9395081949084972,340531,None,AMGmodel
4.420454800788244,5.824532968725601,1.9813938207459612,1.3795596945645956,345187,None,AMGmodel
1.126575724740655,0.03925351272542413,3.263595995387562,1.4746162949544779,315889,None,AMGmodel
4.048299438459019,8.490345329527234,1.8104377511098013,0.0684906889131523,390947,None,AMGmodel
2.6321368593419954,5.2157748777800395,2.768708250936497,1.3516176973166414,374928,None,AMGmodel
1.8135458363124637,4.117770133232403,4.348262270919711,0.03136198427346002,327021,None,AMGmodel
0.9874874557716161,4.514538416785367,2.933775091796963,0.35284520017294707,371567,None,AMGmodel
2.65035780750009,11.057507812756095,2.225352328129615,0.35820386991994757,341855,None,AMGmodel
2.6119974667783756,1.9859475925039163,3.4625374450012614,1.1510586539811023,324653,None,AMGmodel
1.6906683508982643,10.704950814149804,0.8489136243488888,0.6327702741936247,311691,None,AMGmodel
3.3646801254488325,11.117589382414325,4.124244295703632,0.08883263105679505,302600,None,AMGmodel
2.1964038890785904,8.731994998597715,2.804331702406605,0.9582645374413897,346291,None,AMGmodel
2.214821775851326,8.323787731075866,1.4337188873516533,0.014020586018640847,304171,None,AMGmodel
3.8339737570339527,2.789497986787096,0.842720389102467,0.6340071088327954,302813,None,AMGmodel
1.5599317940978572,0.8033451721125245,4.070152776405656,0.28551435633282085,355387,None,AMGmodel
2.5471585147347646,6.6411470284870076,3.3068810007853706,0.3004767481265433,305017,None,AMGmodel
1.3666065708371784,9.590856741708935,2.795839699384342,1.4369252042154403,364653,None,AMGmodel
3.536941078184495,3.589386027770854,3.4441507258637745,1.4656820256868097,316414,None,AMGmodel
1.6766980591021527,10.232528764302398,3.763830096763314,1.1898591692147176,387401,None,AMGmodel
1.0620734017478604,2.5496453055015342,4.288592327195437,0.9129465780910292,305068,None,AMGmodel
1.5740371234147768,9.361377436618488,4.712292828095412,1.1674800131240513,373565,None,AMGmodel
1.3814582211987703,3.24697399382905,1.8326673703875807,1.3893098422382422,369722,None,AMGmodel
0.10625540787842307,8.049971589888207,2.9541716485216174,0.013658044312852474,320371,None,AMGmodel
2.241948349796297,8.012217808388812,1.8622868966381816,0.7166246291258789,303725,None,AMGmodel
0.8753737174119688,5.3245704966349265,2.0219944861880204,1.442622043039111,315627,None,AMGmodel
0.6146062659998855,4.723389014454432,4.10575813257869,0.5510882489508364,361687,None,AMGmodel
0.030432140628535564,1.8420085350248032,4.435323451131623,0.29553241937689956,332621,None,AMGmodel
1.9395207540133168,7.747316670968992,4.307489759347828,0.982725903724205,356094,None,AMGmodel
2.623998557690024,5.311486538141537,1.337645023193189,0.34286308538519233,312702,None,AMGmodel
0.11714712670127977,3.60932244046701,4.262527153982379,0.5935087536069911,374310,None,AMGmodel
2.252144272167009,1.4026321348625697,2.636145921767937,0.26050657308236946,389425,None,AMGmodel
1.1657073590359859,10.792964315829268,0.46223933611746315,1.3525107826977827,354476,None,AMGmodel
4.04393735551458,2.6038314894852004,4.647165265377094,0.46913561481121946,310443,None,AMGmodel
0.1340927168553917,8.389101707916343,1.0484644517182593,1.3604462158707349,319345,None,AMGmodel
2.71726074330634,10.528264625534367,4.777622402655028,0.37929671328567316,303357,None,AMGmodel
0.15689214135899096,9.62083136551435,4.4441010812686805,0.7875742367734715,359988,None,AMGmodel
0.9712786981278808,0.8069263851841492,4.179632098294438,0.028725372637908524,389478,None,AMGmodel
3.302767487264121,8.075298350585369,2.596501691689114,1.3168953159035144,377570,None,AMGmodel
1.8911195658592788,0.020332164138874335,3.252270254811209,0.1338793076940593,313201,None,AMGmodel
0.9087680458999439,7.841541980578168,2.059883696376438,1.3726098679250693,301467,None,AMGmodel
1.6697583952591861,7.016894319789851,3.8060014379357967,0.6828444382709967,385509,None,AMGmodel
2.343124644826642,9.256360704704447,1.9509945924198155,0.3960480380204098,331545,None,AMGmodel
2.3983165001308255,5.196945318097768,0.026136030232903402,1.08850704965183,337411,None,AMGmodel
3.670098368973309,10.038471004376063,3.9634817421486153,0.3597402291568576,314624,None,AMGmodel
1.510960727470604,6.614807865929366,4.711592315581073,0.6912542646426131,323083,None,AMGmodel
4.377876065804292,1.8942886579781946,2.0635973980883358,1.110558685690339,362098,None,AMGmodel
2.4330070097389394,2.5175616971002013,3.61099777366671,1.2082341237686436,334734,None,AMGmodel
2.7087676650677435,9.300373152742726,4.097252729536644,0.7135402077910658,372946,None,AMGmodel
3.2591643484734565,4.148245025785528,4.48780084290104,0.4874350002235722,343129,None,AMGmodel
2.7497736781510453,8.568398647605141,0.27739607036535735,0.7899662222728265,326969,None,AMGmodel
1.374848660565209,11.018226737751437,2.8761032432709817,0.07651653550324952,338623,None,AMGmodel
2.107708897268803,2.5742459232319574,3.0712975794383746,1.0153793503731472,339334,None,AMGmodel
2.410685597609267,2.4323155233363987,0.4549858055163607,0.7182290762153003,319812,None,AMGmodel
1.493533141104794,3.068707151786402,3.4788723787442364,0.5515506421667866,314978,None,AMGmodel
3.7811663184570565,1.7884348253197404,0.8672714776796372,1.0665687295142998,357835,None,AMGmodel
0.842683277169301,0.10690840534680159,3.948123626740852,1.4963935815516172,379646,None,AMGmodel
2.036613022224721,9.115957030899704,2.0535715019235945,0.1590521657444511,301897,None,AMGmodel
0.9418657221361558,1.20722268188974,4.62614908399566,0.3278458647141272,325308,None,AMGmodel
0.05421474494340869,8.677681452661957,3.647806243190554,0.4563051787174739,374743,None,AMGmodel
3.5597449715399674,7.481188852284145,4.647444159711383,1.4294574600584313,314111,None,AMGmodel
2.3064872623275106,9.878120990471311,1.835712022442743,0.17377975549745525,315775,None,AMGmodel
3.5772943065835534,4.36951153034233,0.34694128417007775,0.5539004476884248,381951,None,AMGmodel
3.8357993899489187,8.781347253527992,4.010858996692602,1.3002890674924883,325654,None,AMGmodel
0.24495764508381068,6.079670448306036,0.4410701871431638,1.2394953191899134,372357,None,AMGmodel
3.832354219418629,5.589676565062987,0.5776957129761757,0.43280308113930144,393460,None,AMGmodel
1.5447628346958722,0.51896466342807,3.6624994658548236,0.9979235377745025,379706,None,AMGmodel
0.8648274510051327,6.168110081843934,2.359314684180929,0.30568774665290155,338718,None,AMGmodel
1.4227747685287635,0.5193104311624628,4.0067748313017955,0.47321413999638473,356643,None,AMGmodel
0.7018429843161781,8.802760782322814,4.586568868051983,1.2247223271549135,370467,None,AMGmodel
1.8392979123473272,2.6466807151923306,1.6577152426809827,0.8206740612568126,337632,None,AMGmodel
4.236558114405193,6.840940796339226,4.088339436580625,1.4712380842359145,383645,None,AMGmodel
0.510674276146404,11.030859274861696,4.5221521681800905,0.021478693081261296,399015,None,AMGmodel
0.28636355326497986,10.2694201467837,3.913686619659563,0.08440498896708361,381101,None,AMGmodel
3.637671719762935,8.974160833891913,4.037470889347104,0.7108379367210629,366940,None,AMGmodel
3.6915619604809624,1.7997825584359222,0.3671676406684217,1.2999904055791747,386721,None,AMGmodel
2.9275819824352363,11.218186187506326,1.1990193316330913,1.2417867816150487,331096,None,AMGmodel
3.102974466879391,5.525903766705487,4.2026748967289755,1.0272127284855979,384157,None,AMGmodel
1.3908338404807086,3.7577404017840874,2.8638643010086677,1.238563798788384,373411,None,AMGmodel
0.10254423149208951,5.178194922448294,2.6610575796554343,0.8024124966965795,351005,None,AMGmodel
0.9964596890126307,3.740590983426512,1.6457570754701178,0.2862181645489659,367101,None,AMGmodel
3.8540814407493267,7.094277760400267,4.153557567508992,1.0283122988697038,363926,None,AMGmodel
3.1289590365630695,3.352186527237342,3.948534115072032,1.444187736087604,384825,None,AMGmodel
0.9314374809059737,8.173709737183815,4.250187636231671,0.9505825135697461,372459,None,AMGmodel
1.3167941653793174,5.0285885542627655,1.2142333620079997,1.332005771258781,304315,None,AMGmodel
1.042582721772425,4.832972758240937,0.833117723052439,0.39207975677538737,354887,None,AMGmodel
0.17046344365937216,8.272754784450997,4.11092404779823,0.7670511516438551,389892,None,AMGmodel
0.5277315714631016,10.63607771226859,0.12890695481516296,0.6685381207809478,315993,None,AMGmodel
2.264906180881046,9.604229805421872,0.8867648984907063,0.6437648852636065,383529,None,AMGmodel
3.146928037440094,9.528729050616754,1.2425496075897444,0.1449025617881741,378199,None,AMGmodel
0.31319782997410117,7.0165724656663615,0.5803106381073507,0.23262979386888716,322459,None,AMGmodel
1.8044721751410457,10.77043574535075,1.2045209131259942,0.3542429228292241,363704,None,AMGmodel
1.2979167510027154,1.1568699459125136,3.666095704757755,0.7034564534052878,368031,None,AMGmodel
3.1383428716661537,7.6566001014952665,0.5630316452797675,0.10238754371580144,377264,None,AMGmodel
0.3644898542286748,1.4264850879080195,0.8164240426658164,1.2746440657172753,341923,None,AMGmodel
0.14531792818074094,2.5905509664775255,0.6669430161124201,1.0117659073319376,332581,None,AMGmodel
2.279676695582302,4.710445049322579,4.071423376477141,0.9939869629830114,343325,None,AMGmodel
3.721457546780196,9.585067793139165,1.0265684550322136,1.1245556154705285,335798,None,AMGmodel
0.6259146770527416,4.9545868479213455,4.083819924895013,0.3656944003577928,309582,None,AMGmodel
0.6032219910977286,3.1147945366503604,0.34114310442688106,0.3178060597561509,348286,None,AMGmodel
1.531953408054959,7.881991823807594,3.9005377106256063,0.5938354046401526,398563,None,AMGmodel
0.8461715621238524,3.8475350950533684,0.07916665518379373,1.0811957539528072,356753,None,AMGmodel
1.4986630474584628,3.733337530960089,4.480052998458402,0.04495331976138723,334130,None,AMGmodel
2.410360702830107,2.607627674741776,1.5356859392339965,0.48326016645270486,390093,None,AMGmodel
3.475846460147522,10.436847229706645,1.8892954866765401,0.008920433715994859,372015,None,AMGmodel
0.5539688552097222,2.584308168604809,1.1203680716001618,1.0232345047235265,364955,None,AMGmodel
2.571307851749374,4.402818743477319,0.9220830917544757,1.1777598180486806,386128,None,AMGmodel
4.391642363229594,10.51670840593236,2.667153065602316,0.6034863037859284,343192,None,AMGmodel
0.8588393904759756,11.363628108034543,1.479581399446959,1.4971750203191694,356612,None,AMGmodel
0.06401097596984964,11.250849084162091,0.3031965091845313,0.8376960335765757,325683,None,AMGmodel
3.564722143099725,5.353621175311465,0.793543666754266,0.2114096648402673,381264,None,AMGmodel
4.424925240147089,9.117677279155865,3.6976345640091304,0.847111580376889,384059,None,AMGmodel
0.8755486204703986,9.067108409272176,3.0585043216249237,0.7436734269213972,358003,None,AMGmodel
3.5473283504064415,6.378295266369388,0.04666916574639192,0.5888975253685016,389837,None,AMGmodel
1.3972038090897931,11.155605167233118,3.2337275464550173,1.345087781790914,314813,None,AMGmodel
1.6416560980175945,5.768770549269759,4.1764123213638555,0.8292471818204202,350955,None,AMGmodel
2.099541532311658,9.230999646304056,2.8281073592493784,0.08142217439233275,349190,None,AMGmodel
4.242548726028062,3.821204041783731,1.0615867690625655,1.3670116645422188,371316,None,AMGmodel
0.03737572383899012,10.961755202568778,3.1079042959037837,0.9880698610592793,314820,None,AMGmodel
0.8273654414622911,8.208757524674532,0.6106509952746244,0.16522254296711936,353409,None,AMGmodel
2.748808800323182,10.35241419415944,1.8242063115538312,1.0215724957922359,350015,None,AMGmodel
1.38437492506507,10.681727816778096,1.6231405866687758,0.8462874475822405,312021,None,AMGmodel
1.3285349113719849,3.295931570646108,4.206087072262161,1.3913287105166228,349697,None,AMGmodel
4.393252744378702,9.501543646606125,3.3244533957915254,1.4197365603824161,360142,None,AMGmodel
3.995898313224632,2.8854401044709284,3.924721500074738,0.975453053718865,378037,None,AMGmodel
1.0379257123179502,10.65082658601386,1.5839532799767875,1.1207904963267625,300548,None,AMGmodel
0.9896390003971869,8.445829199012195,1.6719250860289252,0.9749551118220735,339274,None,AMGmodel
1.914202034405669,10.918820957947146,0.20512157935068842,0.08315161548359233,384465,None,AMGmodel
1.1998811324648468,4.420680366603304,4.26578784717644,0.9644802279458994,311617,None,AMGmodel
1.0100773718892546,11.116154291439658,2.859736823254488,1.1909372223963761,375900,None,AMGmodel
3.3858399085649697,3.9018215142967816,0.0700669085058686,0.2782271898595209,328074,None,AMGmodel
3.558307310736717,5.053074137420875,2.9753538497068495,0.6690570087175736,329014,None,AMGmodel
2.3161862420080794,4.963354970787551,1.3980510564580144,0.8700501273980563,392684,None,AMGmodel
3.646730699727337,3.7917344685364216,4.534036895951118,0.947524760556546,338658,None,AMGmodel
0.3373219325837447,10.616821572678665,1.3692949589646952,1.4431518379061588,318194,None,AMGmodel
1.1658997294448759,2.4848622911160434,2.420116464029589,1.4028368705919951,327980,None,AMGmodel
0.9983434411638104,6.657995094623259,1.0570308355814457,0.03932159470541788,369739,None,AMGmodel
4.041692256828305,4.857337511796077,1.5874959997078673,1.400044748310613,320030,None,AMGmodel
2.4164607108046203,11.200088412221147,1.1098502050779966,1.1774038953685158,304608,None,AMGmodel
0.3596105899748932,8.481581327570387,3.8402500714327372,0.7279001767663799,335666,None,AMGmodel
1.5774053549721554,3.538032286486739,2.6535875319216444,0.8453039629645835,377576,None,AMGmodel
3.547049147759639,7.087534576402582,4.727327836057925,0.6297020305183465,371171,None,AMGmodel
1.8564283036574054,5.73342580920173,2.6697345407262287,0.9700255046306554,398022,None,AMGmodel
1.993498855104043,1.58079730076717,4.690963621639979,0.44394288586834146,327476,None,AMGmodel
0.15385777603329015,10.11383224335749,0.8181800265698117,1.460701849117553,333298,None,AMGmodel
0.17523584313369572,0.5063434396493075,4.2703361639079365,1.3490436209536099,350462,None,AMGmodel
3.807316259946515,7.51230725317406,0.12453678758660537,0.9614679980526863,378725,None,AMGmodel
0.4586031410798436,9.642526095426478,3.5779268507632214,0.14005146475173136,300422,None,AMGmodel
3.055373195378501,5.034078984730077,1.8246535707233997,1.2319741241918911,326346,None,AMGmodel
1.8104202360250792,0.047309921250117064,1.8165891523354345,0.38289787948787213,342867,None,AMGmodel
0.5189580192654188,10.937920897021456,3.352601697160714,1.2497100604040312,360720,None,AMGmodel
2.944048790246251,11.138824105068787,1.037926039399238,0.4786777835324184,309805,None,AMGmodel
2.8571420659356095,0.6255288611128876,3.128063776742278,1.3618339200988931,313222,None,AMGmodel
0.4248866236599353,0.548268286295611,3.2665722777841135,1.218092107119298,371422,None,AMGmodel
0.3443775642710466,6.359541188495872,1.9711408392177179,0.08019460446427293,370475,None,AMGmodel
2.5058401173532396,11.301524624384665,1.8228336618447445,0.6585110951279041,348960,None,AMGmodel
2.4668462680917025,2.821103535097197,0.7200382669067092,0.11661695347856535,320937,None,AMGmodel
1.5354203134762592,2.306046190773897,1.3252629214312823,0.7829910205694781,375098,None,AMGmodel
3.3570102135741418,8.977836389833866,3.0264291372356777,1.2786937979928963,364506,None,AMGmodel
4.0641501207535695,1.4285255951305003,4.548213515190739,0.06769287156138079,315119,None,AMGmodel
3.0414981051654495,2.542209241147407,1.0298668683524081,1.2905845800000932,357145,None,AMGmodel
3.215258474088629,3.5011488288528376,0.8283242290771848,1.401062185456291,359195,None,AMGmodel
2.2222982770108604,3.0772483425546753,2.7779642835678424,0.041083835749776226,335669,None,AMGmodel
2.3491294035818164,7.519501587962724,3.8196394648263143,1.4896528108989253,351385,None,AMGmodel
3.8761401787213874,0.043379555599057824,3.5221148457494644,1.3212736903093836,313257,None,AMGmodel
4.146940730046931,9.510240321725986,2.349017661391211,1.4695340904546945,390098,None,AMGmodel
3.264756328944649,0.4593980911092142,2.4286620595734365,0.346931965124787,304494,None,AMGmodel
2.5779180932661747,4.523286745839799,2.685952560997637,0.9934075484584859,320723,None,AMGmodel
4.286854905506414,8.264470749885339,0.9966801309425484,0.8658134968992723,377122,None,AMGmodel
4.399552612593531,0.3475060189857859,3.306217324067292,1.1553473151516793,396088,None,AMGmodel
4.193518657685517,9.498526304546424,3.4526709453263202,1.157686962586838,351929,None,AMGmodel
1.6497294801987374,8.515153113411621,4.297507211032726,1.3824192115936786,386042,None,AMGmodel
2.145839588585258,10.011937290671682,2.3046512095347964,0.12225998112891086,333072,None,AMGmodel
0.4413579850239813,0.9883280378407531,1.7168437735676976,1.0638881559161824,348163,None,AMGmodel
3.3964424350551683,4.360594563608317,4.792218001931015,0.6146364995309044,355367,None,AMGmodel
2.9992988983200686,2.178620336002913,3.347007381216514,1.4554196346381896,372776,None,AMGmodel
0.4654171823659598,10.051773479433397,1.7283228247044984,0.12469920891450778,337577,None,AMGmodel
4.3182378692156504,3.993477178340225,2.9951038576633575,0.9387982752835058,377299,None,AMGmodel
0.6455975732064917,2.3986374228871488,1.3350805036036846,0.7833705897313594,334640,None,AMGmodel
0.17559031577868078,10.027387166224672,1.1036895384929115,1.10549201235506,372033,None,AMGmodel
2.5746718521796224,1.7843483086012801,0.8946289907531778,0.09923746635949197,396606,None,AMGmodel
2.001585087624619,10.009404509395823,1.873025703429528,0.3246841863432474,339108,None,AMGmodel
2.3144985003669665,11.345724276696279,1.9914724959679753,1.3790578633541224,327146,None,AMGmodel
4.373960650190549,1.1289802001610993,4.382211377151584,1.1089872859883037,363767,None,AMGmodel
4.482821409785414,0.08090278613238046,1.1743879971147195,0.2722412519265574,303611,None,AMGmodel
3.984626367425318,0.9072611668162609,1.5054459569084375,1.0676504678517578,362801,None,AMGmodel
2.9081548553587013,3.0919080497602995,1.0308235655160367,1.279675632661722,370855,None,AMGmodel
0.5984892708339006,0.7952692451821252,2.043283390796087,1.07772013357175,385468,None,AMGmodel
1.0997127826912112,8.43499018151842,1.3445957137344617,0.0664637052947287,362685,None,AMGmodel
2.8023704956792557,7.534017089192055,0.7795484053741751,1.3765474251613394,351736,None,AMGmodel
0.9217714098783971,6.402687905574812,2.761415867758882,0.348090425239101,392128,None,AMGmodel
0.5283321287370624,8.747834732429842,4.526947647339336,0.1968914039374611,377846,None,AMGmodel
2.6560593953481932,11.325196163584012,4.076629020955057,1.0393937065711567,316624,None,AMGmodel
1.5758062192553268,9.04532420626131,2.1679981247413895,0.45921494836974724,322272,None,AMGmodel
2.28912505532632,10.945784774817186,4.402386626563557,0.7603061798509374,322290,None,AMGmodel
2.0383750402021104,10.419844491533054,1.5090667761822611,0.4857282194148337,363883,None,AMGmodel
2.3366038162053213,1.2710287503936368,3.9078404859755174,0.15341817064135851,345928,None,AMGmodel
3.532863735734216,5.143819578493044,4.078657641517767,0.5398623653821005,325003,None,AMGmodel
4.37934338050999,3.37142404166723,1.3179488710791216,0.13607720877860652,366986,None,AMGmodel
1.3109518646559746,2.1119286442306096,3.201178522965242,0.1840026146673162,389105,None,AMGmodel
1.170986106561906,6.690480191549163,2.2777362907807337,1.1079000941964716,380405,None,AMGmodel
3.6282943328574286,7.861440856956799,3.6432160645702836,0.014478687381679692,302435,None,AMGmodel
2.5457482200520034,8.464487010851151,1.3146256735901451,0.9169606331997973,348918,None,AMGmodel
1.035857677628408,8.165803049739994,0.9281426650377995,0.18673562946067432,316824,None,AMGmodel
1.6687368531115863,1.3764944297602524,3.220487161735671,1.044001313508091,371413,None,AMGmodel
1.0285809693046573,9.900881103113813,3.148041087525281,1.1592124066286729,315261,None,AMGmodel
1.5493103380231918,6.467992889359519,2.2981323467867525,0.5974567799033509,307314,None,AMGmodel
1.2536982022555496,4.2991420765518535,1.63572030714476,0.01949033495102067,349830,None,AMGmodel
3.9255190643917413,0.9528510419893682,4.077391861981869,0.0971305508227982,310859,None,AMGmodel
0.8039386300584924,9.725453467735198,1.3477018768052706,1.249987886312904,370888,None,AMGmodel
1.2200816375613366,3.1400236386047973,1.810251752997945,0.6842840327660213,305058,None,AMGmodel
1.74021797046768,3.0681567148764537,2.7745244353045635,0.7592734019071772,381851,None,AMGmodel
1.604595714872722,8.556099157203363,0.6727590494975663,1.0155464505320784,380426,None,AMGmodel
3.5965173522427047,1.6828917837372495,4.6056790891614865,0.9510349385215688,389064,None,AMGmodel
1.8579800938658058,3.5455934270076828,0.6653795689517005,0.40387356051922557,342447,None,AMGmodel
1.758092062268654,10.92280119734825,2.0616183074748835,0.3061990043010823,393793,None,AMGmodel
3.5550554465116537,10.150096354694801,0.02624096887332394,0.9605496697943153,348066,None,AMGmodel
2.548897512434022,2.226915501160915,2.453587404205621,1.2385153102693793,346900,None,AMGmodel
2.5337640037076943,5.605593425969611,4.099222978809041,0.5218169936546484,367170,None,AMGmodel
4.494893030907163,6.564276675506476,1.6130839571229136,1.3213910193065548,361440,None,AMGmodel
0.1921058219483612,0.3718044299982568,2.788861072600712,1.2413184730586586,335964,None,AMGmodel
2.2314387670780866,0.941212710937971,0.6328326269107784,0.2465924162957424,368608,None,AMGmodel
0.22230538511972955,5.678269587521844,3.279418739406044,0.8191676635134615,310853,None,AMGmodel
4.215051961790407,3.5415398925621617,4.055684289325455,1.2479121027094173,373068,None,AMGmodel
2.1627217144491344,3.830316209014134,3.3536247073493115,0.43226231415002186,304008,None,AMGmodel
1.8540681873334333,6.8365883958004625,0.40186487080671524,0.09413021775282562,323682,None,AMGmodel
0.6976955650576759,1.226981036926464,2.5391288683354705,0.5139823122382426,381935,None,AMGmodel
3.951115303846337,3.1449640704178603,2.575630027067985,0.660541351820715,331193,None,AMGmodel
0.31815250482750485,6.737778434632128,2.160980199055707,1.0830419675425635,338030,None,AMGmodel
1.354846621607031,4.14944500576419,4.464175024030251,0.5025414213133007,356573,None,AMGmodel
3.809261179658026,10.075431693195537,0.344267323363082,0.8026993013958916,344718,None,AMGmodel
3.3545545877963767,9.413721301270215,2.324979421453373,0.6521156093747775,321401,None,AMGmodel
0.9744589671988928,6.636408069135782,0.26198720957361304,0.991989660503059,351845,None,AMGmodel
0.39761837237455017,11.082286088538524,2.6838101434868737,0.7515157749710766,363215,None,AMGmodel
3.960941808226028,8.776853200174129,1.9075638410078875,0.46550104815209,324239,None,AMGmodel
4.483849038898665,9.037679463846285,3.3384656739823995,0.22078856536973357,399949,None,AMGmodel
0.8726554434863805,2.150588588632467,3.7966154693339575,0.7296652237399313,326649,None,AMGmodel
1.1767923233716713,4.418000594053367,0.676438098765687,0.38388277352645483,315682,None,AMGmodel
1.08492689618284,3.155629518341537,3.133861976417302,1.0166496957952447,369645,None,AMGmodel
0.195871463820202,9.26440584614391,1.061508404753207,1.482456685587045,331063,None,AMGmodel
1.0957688079769097,7.643900590988776,2.202714034449395,0.6510461355706172,375712,None,AMGmodel
2.713351879798962,8.206230308980325,0.011767410303245131,0.7762730612475408,358700,None,AMGmodel
0.7866403518237907,9.093320882253622,2.6063707076606173,0.4226113500011219,318665,None,AMGmodel
2.2953963381778775,9.862124505278366,3.829830098813558,0.6396353473438091,312049,None,AMGmodel
0.07272829750748122,7.862890464563952,2.1310866712785206,0.7023248138194829,325023,None,AMGmodel
0.24026330530129375,5.6518314413753465,4.180487957197054,1.1471582536933909,343992,None,AMGmodel
1.9636241627201454,0.9859544956922222,2.9714784275387824,0.9188911859792301,328527,None,AMGmodel
0.10504232346236597,0.9124605349971764,1.5459300316433764,1.0742781392670375,354719,None,AMGmodel
1.9092604491771832,1.1136298857963973,4.498582860297276,1.3063388933754576,300077,None,AMGmodel
0.4577657130042273,1.9054110410830472,1.8881546473529733,0.3082437811013529,386180,None,AMGmodel
1.1790779054099798,4.208054170481585,2.4368514363902474,0.9683982568673641,379471,None,AMGmodel
2.3384671199438656,11.176513962587995,4.783067127465478,1.4487839862975813,320047,None,AMGmodel
1.5329725634504578,6.9388437864519075,1.6886963000381416,0.1398537983785649,300230,None,AMGmodel
2.2900432912885123,5.25679322594224,4.764344321591298,0.5379759638632182,382302,None,AMGmodel
2.493868052447577,2.840890408360462,4.619398635972791,1.1386507539846435,307985,None,AMGmodel
2.5929449290471123,10.435721137087212,3.557217553388642,1.39805160990881,306599,None,AMGmodel
3.327235479606558,5.7006129267458,4.143752290932691,0.6306427775288512,322435,None,AMGmodel
2.3607302700766093,6.756455050152296,3.513088691795594,0.44908930682460885,358008,None,AMGmodel
1.7452017564526954,3.482367179337268,2.5273394768062296,1.3828239085950256,364421,None,AMGmodel
3.181391932996515,5.667626542847163,2.43358940370864,0.4964094328069027,357969,None,AMGmodel
3.114096928848504,6.80522377034854,2.3016731657180705,0.9140872752054181,331699,None,AMGmodel
2.3887050134065397,2.767524002855824,3.271877454073182,0.7128164241708448,328593,None,AMGmodel
1.2333157237939556,2.2896602480965766,2.8924077138403113,1.0709521608709276,362223,None,AMGmodel
2.920096714523388,10.652529390343792,0.20762489558658873,0.8591634726411301,317056,None,AMGmodel
0.845542906851862,5.26562014550121,1.5520762458791553,0.4480282759275941,320831,None,AMGmodel
3.3507462597174413,4.551319233732218,1.2012123640088908,0.24240294709074806,311278,None,AMGmodel
0.9808768877320825,3.1582680406193893,2.874093517978677,0.18872639021634857,323197,None,AMGmodel
3.0646886362743415,0.6744659954001463,3.1406027512760977,1.0358416780175557,316096,None,AMGmodel
3.168751811334201,6.362421596034613,0.3329550489067091,0.347791572234399,322323,None,AMGmodel
2.3536806256578364,9.748528286158022,2.8616769068079426,1.3333698219369283,304058,None,AMGmodel
3.091450401220398,10.677421271638657,0.5067234741850988,1.4796959300697092,315251,None,AMGmodel
3.320302622775419,3.047264895462999,2.0646966013597488,0.9635336564525896,378910,None,AMGmodel
1.2593170154381323,8.731815814848707,2.622344164155204,0.6212175498881307,330310,None,AMGmodel
4.096053910816937,4.105085814064125,4.625147791784561,0.7570999528468888,350270,None,AMGmodel
1.9749968666585407,2.9011822496251116,3.6929253866504665,1.0634930777388716,352020,None,AMGmodel
2.172821887829804,0.4688344243930714,3.814574237573797,0.13448436105718012,361965,None,AMGmodel
1.9445491003507416,0.692977151247373,1.3923980959780045,1.267966003209493,392800,None,AMGmodel
2.2677995856864226,6.829778270186681,3.4809304771973824,0.6597270728184428,337467,None,AMGmodel
0.7054839253232184,5.216685959999639,3.246010038506599,1.1060255483014607,379938,None,AMGmodel
0.4306182996217286,8.154602614201554,4.114868881376167,0.5056782967893092,370689,None,AMGmodel
2.1123106855847014,11.079477153892798,2.6494353349268946,0.8072562101392602,373012,None,AMGmodel
1.9182760039330544,1.1746915877492754,0.4666693037514887,0.8480774902926638,347476,None,AMGmodel
0.2623377431947829,4.445115432289251,1.9687918585612318,0.7928201088029024,333728,None,AMGmodel
4.00697715149849,6.208939743089475,4.509257894190231,0.9452674872971147,359137,None,AMGmodel
0.05825260087325633,8.355960450002444,0.9697712023974498,7.682970468507637e-05,348604,None,AMGmodel
3.2415518261669973,9.503083832070207,2.511812968646075,1.3474874097724316,387914,None,AMGmodel
1.7368231994785532,5.472594577216366,2.2851011717874203,0.9035956501085376,313877,None,AMGmodel
2.0482454964320818,0.7909389162651944,4.79937408562618,0.7047706851177091,366016,None,AMGmodel
1.2824957559697292,0.6566503083188931,3.081214887708184,0.1226898885095236,397524,None,AMGmodel
2.3694295424625036,6.0692749215764525,0.57058811095948,0.6915009689844485,345017,None,AMGmodel
2.1778244722176723,4.849305731612914,3.6034107130253736,0.4940058297620128,313942,None,AMGmodel
0.20198866454110093,3.8197134254375524,4.607030487726173,0.5654644444524155,326530,None,AMGmodel
1.1302090002794358,4.0909466604640246,0.5311824513207384,0.5052237068754255,330526,None,AMGmodel
2.7405115032964478,0.12402067727653983,1.2871869869169443,0.35771293107284646,327008,None,AMGmodel
0.25593981464047943,7.7638642558503355,2.214195756682052,0.8995326844165465,375124,None,AMGmodel
0.8428117401444739,11.035850474327477,3.913764857688704,1.0773759423963978,342530,None,AMGmodel
2.5793144611411227,5.059282918608971,1.9854599633057692,1.342942250384072,368315,None,AMGmodel
1.5606784506051075,2.6843372890397306,2.5791366222157994,1.1175355908903715,374897,None,AMGmodel
1.6367814927767497,1.682078636895322,0.840055654982428,1.3979762072588457,368515,None,AMGmodel
1.189198370094993,5.41244593138175,2.7318229397672695,0.9670486888502929,390834,None,AMGmodel
2.89950274288217,8.202697128559022,3.1080000983936658,1.0402882963973143,318395,None,AMGmodel
0.5137685835342334,11.008586510507438,3.984149055858591,1.1837688689198371,323544,None,AMGmodel
2.6972453798669576,0.9968369153740939,3.2316040961329655,0.15710301504515653,312681,None,AMGmodel
2.081578617984649,9.956419167784807,0.6140973095866078,0.04711771361359439,340628,None,AMGmodel
0.9780673532371429,9.595049536707391,3.6216210286748654,0.30572611046480763,378499,None,AMGmodel
2.300046201316427,11.160526419796959,4.428313123157208,1.3624489219208884,358150,None,AMGmodel
4.494235247323213,9.069690536838648,1.886135316603841,0.6787841770343789,371608,None,AMGmodel
2.834208308276035,6.260026224001909,4.34437112156776,0.40538194588273846,380455,None,AMGmodel
3.183180196734786,9.830778820512645,0.5885119007944295,0.5169547226842073,337125,None,AMGmodel
1.9969597383789712,1.5030808277889782,3.9777199092205446,0.5235211097202743,392942,None,AMGmodel
1.7518555367312678,7.940608653888575,4.496431463882492,1.001334522151946,325933,None,AMGmodel
4.2315037433976475,6.0174772120994735,2.9058748262724605,0.3913497578789851,312587,None,AMGmodel
3.5433182129469323,4.422566983344954,4.73850974475434,0.3358091851372948,315973,None,AMGmodel
3.139007903727383,10.66518954118765,3.847454588363667,0.7059931133752885,305372,None,AMGmodel
0.3027324934638691,3.0555642416848245,1.7330797471277202,0.43132719115950124,358761,None,AMGmodel
3.974731072438689,8.29562660035756,4.312154560933592,0.5524956138827164,399891,None,AMGmodel
3.2736159417427046,5.101024365827677,3.0175033032688887,0.8958955566870508,391988,None,AMGmodel
2.8626884338261176,11.362295536357417,3.85834022591206,1.4492623587781532,319266,None,AMGmodel
2.6817328994960077,8.589552548635025,3.8007492272750527,1.1161686838618639,360105,None,AMGmodel
0.14636855814419875,9.014542654079298,3.142709893054008,0.9839763121589473,397222,None,AMGmodel
0.6109356313697365,0.9611058226873673,3.180841156219061,0.7102243058032183,334565,None,AMGmodel
1.7419413602661504,8.31265166249656,0.5296901450208116,0.08762617507657515,356317,None,AMGmodel
3.0566700678673078,11.038223861944576,2.7057913845535957,0.4570070003410489,382861,None,AMGmodel
1.9374362373086784,6.601992759267481,4.591393954390356,0.8534269400359138,315963,None,AMGmodel
0.7459383755587708,11.176712895641796,2.6241845859271393,1.1649246881808484,335109,None,AMGmodel
4.056717386652023,9.600873221178874,4.79720941064317,0.5088565046084205,330260,None,AMGmodel
1.0593461287992534,10.971306787656843,0.6302256900619715,1.0214760442217827,382264,None,AMGmodel
2.90196012123566,3.5645448674522955,2.5812526386761188,0.03722700999166722,301241,None,AMGmodel
2.474246449480386,6.51786765663492,1.6967252269570106,0.1252436855887622,370404,None,AMGmodel
2.8338887029667625,2.9500503428800373,3.5558998929364427,0.9900139025522863,344027,None,AMGmodel
3.415511664700927,4.354123432342377,1.451865386412481,1.2270274654585465,300730,None,AMGmodel
0.4153520077286247,5.241892363929812,4.008653849099423,1.0587631691409216,341306,None,AMGmodel
4.09367028989595,1.640786988767241,0.43474761897856234,0.3560809907069394,312988,None,AMGmodel
0.46951280615812974,2.2121353213225583,2.383908792035587,0.5720820613785585,394588,None,AMGmodel
0.9235617728107502,5.880138569699296,3.1466067555790818,0.8586478808874891,303034,None,AMGmodel
1.5496027176675284,10.498920539929285,3.5765301036333716,0.675734542196607,312959,None,AMGmodel
0.5000542327294576,6.849320400006184,4.210815247086602,0.9667751885503497,390063,None,AMGmodel
1.3304510960084683,0.7175107975226231,2.8772265456639605,1.1236491569174818,375611,None,AMGmodel
3.7327209440272147,2.577071768680363,0.15589277112549355,0.6318003262841195,346248,None,AMGmodel
2.828632783884704,7.278953851564344,2.637455504071888,1.2812037171378277,305602,None,AMGmodel
2.6284194516968205,11.103686200775652,2.5661268195465756,0.635523155744939,321674,None,AMGmodel
1.7358575832648298,1.7889898460993103,2.739964319653682,0.6458307133008896,308675,None,AMGmodel
0.24675267421249006,4.127385696458216,4.571551242584036,1.2901728257501768,325415,None,AMGmodel
3.7847836189176403,10.35589554004824,3.056631726211084,0.51794086641646,347234,None,AMGmodel
2.8990534435078352,10.487322938938647,3.757319226676384,0.15135522430656626,333127,None,AMGmodel
1.6776682288542886,7.555400485680569,0.7016406122782094,1.1012853440823585,321030,None,AMGmodel
0.9942036855028266,1.3617274471819274,4.3311619253303215,0.6208456210166662,336867,None,AMGmodel
1.458780505124458,7.810286004254813,2.6133359129039113,1.1520862538577858,358198,None,AMGmodel
2.641952322237792,2.1569065107993644,1.4078041041327005,1.045089101575835,312598,None,AMGmodel
3.247460432704685,7.974555310127455,1.5506888867522493,1.4870296623890047,399845,None,AMGmodel
0.9186467242209446,0.7982246670082821,2.9125875039536755,1.197624459692734,354172,None,AMGmodel
0.886560751418629,10.797350574415063,4.516988193271349,0.12979684459472957,315514,None,AMGmodel
3.6173635392227768,7.781362599541639,0.14893883515678427,1.2576969994055822,368792,None,AMGmodel
1.53644473080093,4.7904549157948075,2.7332981441441007,0.4764167653080015,341988,None,AMGmodel
2.8694450085411156,10.578324821580413,0.8851873042402997,0.4076820481747957,390372,None,AMGmodel
3.711840793190433,11.240236628226679,4.101538972955009,0.18720443874760764,376471,None,AMGmodel
0.5492482412851878,2.7779674530629443,2.6493002992645924,0.583123659480459,385378,None,AMGmodel
0.15446053749260708,1.5950320552911963,1.1491174686138192,1.474675043127582,318589,None,AMGmodel
2.8350477436211836,4.986645162059493,4.366911184843361,0.4419342490903806,317686,None,AMGmodel
0.5982208105926539,9.938470139845506,3.6541075380978643,0.6580823435391884,334697,None,AMGmodel
2.284451881545965,2.7249411227483944,4.733633531700803,1.1422916230938251,375663,None,AMGmodel
2.435664000706641,3.7964719758029233,2.362485273003616,0.17956575592386492,395983,None,AMGmodel
1.3173103046858612,4.497280478658713,0.05881734151608919,0.2101708270060661,363781,None,AMGmodel
1.9660858038151638,10.361182444579875,1.1618956709684611,1.4506558601883701,318949,None,AMGmodel
0.22283326451552893,5.343988686894855,3.5821258423932476,1.24429805975655,390136,None,AMGmodel
2.8354500137786536,4.648312559076345,0.9413457106829166,0.0858162927080531,390722,None,AMGmodel
3.3714298056184564,9.898342698482763,4.6461486515400985,0.27592153673806624,361294,None,AMGmodel
2.749742058959495,5.93655064773076,1.3663286950537212,0.7633816463415644,354246,None,AMGmodel
0.21903914384993745,11.07681069783483,2.953365939441967,0.8653027279090617,387926,None,AMGmodel
3.8513448479697123,7.787332911301343,2.0552536701754387,1.0459908441286039,303316,None,AMGmodel
2.5252298489366893,3.1847874164658716,3.825773136082545,0.3104145978283232,391907,None,AMGmodel
0.6191523771705946,10.332710503312553,1.5998392206756573,1.3256915961712716,327998,None,AMGmodel
3.2736852780416084,4.575139561842289,2.7316857371187258,0.5831584441710413,380343,None,AMGmodel
0.7955458834106838,3.661277360693383,0.5364947163988618,0.28756656033646166,347174,None,AMGmodel
0.21066337622727002,1.1053923864099295,1.1787676273482706,1.3336566126295915,350644,None,AMGmodel
0.38107893029613116,6.869345833088393,1.3485658501261506,0.13996072191945183,325838,None,AMGmodel
1.216388553369488,3.5898604632992286,4.345487922138588,0.355098741580833,383391,None,AMGmodel
3.6581048041301436,10.303270043806048,0.9908038649685273,1.0019914981304063,371317,None,AMGmodel
2.7757939372702527,8.729515080282424,1.0502840323795706,0.4108940556546009,376089,None,AMGmodel
4.320842182477802,2.206932161167375,4.083612316870265,0.23459172927794142,371676,None,AMGmodel
4.225722177590319,11.133723678528737,4.55747302337689,0.6404004506294193,343224,None,AMGmodel
0.9733416269555901,10.717252810086938,2.105234927904465,0.3920113910214977,385600,None,AMGmodel
1.207649770188085,10.101722532477371,2.471723811655161,0.6421234247618037,368780,None,AMGmodel
1.4304441861406962,8.4142781223745,3.0288659956751376,0.8313834836341067,324465,None,AMGmodel
1.0930523698452035,10.02909889288659,3.6729536570203227,0.860381673059894,368182,None,AMGmodel
2.1619163822597502,3.607788320205328,2.495146886700666,0.27893366567540323,381887,None,AMGmodel
0.7680306084485238,3.8768921740224678,3.9681589301126,1.0820866913334575,349745,None,AMGmodel
3.117598858439446,1.4598534730667188,4.357371004001463,0.10376273863761476,389532,None,AMGmodel
0.6365492360864221,2.646121397789086,2.1494464068295387,1.0063073958973658,335617,None,AMGmodel
0.7856397184680379,10.379481235726631,4.358452911957215,0.018268081700814856,305060,None,AMGmodel
2.8148771868436446,2.0150559689570176,4.443543414890682,0.6022049061306405,332690,None,AMGmodel
4.043209012797212,7.78238656509111,1.95632180935911,0.4517204339948519,350664,None,AMGmodel
3.1663781615238777,9.562810653528892,0.2903104321581289,0.11045983673373422,370409,None,AMGmodel
2.850791323937789,5.817074909894704,2.616517124002504,0.8170315435156512,310354,None,AMGmodel
2.2680539794260914,5.070578193615425,2.910666157777899,1.0534939299138224,329559,None,AMGmodel
1.775587459888125,8.651175957369157,3.9337838340348092,1.1265583254403053,396320,None,AMGmodel
2.070935019201648,7.681553832737315,3.5376118535956285,0.832736931991405,338431,None,AMGmodel
2.3882086794845603,0.30647166165844186,3.765810929046327,0.9022604764360819,348756,None,AMGmodel
4.281521445760733,1.743159701799712,3.7973353295428365,1.4128933679093276,309993,None,AMGmodel
